TRANSACTION_ID,CLIENT_ID,TICKER,TRANSACTION_TYPE,QUANTITY,PRICE,FEE_AMOUNT,CURRENCY,TRANSACTION_TS,BATCH_ID,_LOADED_AT,CLIENT_NAME,PORTFOLIO_ID,TRANSACTION_DATE,FILE_NAME
T20260928T20311200001,C018,XAG,BUY,35,336.02,562.66,USD,2026-09-28T20:31:12.379271+00:00,20260928T203112,2026-09-28 13:28:14.155000,Dana,P009,2026-09-28,internal_ledger/internal_ledger/20260928T203112.csv
T20260928T20311200002,C007,IBM,BUY,273,225.51,589.17,USD,2026-09-28T20:31:12.379271+00:00,20260928T203112,2026-09-28 13:28:14.155000,Faisal,P001,2026-09-28,internal_ledger/internal_ledger/20260928T203112.csv
T20260928T20311200003,C001,MSFT,BUY,14,274.58,16.57,USD,2026-09-28T20:31:12.379271+00:00,20260928T203112,2026-09-28 13:28:14.155000,Khalid,P009,2026-09-28,internal_ledger/internal_ledger/20260928T203112.csv
T20260928T20311200004,C009,SAP,SELL,377,201.12,36.81,USD,2026-09-28T20:31:12.379271+00:00,20260928T203112,2026-09-28 13:28:14.155000,Rana,P009,2026-09-28,internal_ledger/internal_ledger/20260928T203112.csv
T20260928T20311200005,C014,MSFT,SELL,242,247.62,584.0,USD,2026-09-28T20:31:12.379271+00:00,20260928T203112,2026-09-28 13:28:14.155000,Lama,P008,2026-09-28,internal_ledger/internal_ledger/20260928T203112.csv
T20260928T20311200006,C020,MSFT,SELL,26,250.39,37.15,USD,2026-09-28T20:31:12.379271+00:00,20260928T203112,2026-09-28 13:28:14.155000,Hind,P005,2026-09-28,internal_ledger/internal_ledger/20260928T203112.csv
T20260928T20311200007,C012,XAU,BUY,297,389.14,290.03,USD,2026-09-28T20:31:12.379271+00:00,20260928T203112,2026-09-28 13:28:14.155000,Abdullah,P009,2026-09-28,internal_ledger/internal_ledger/20260928T203112.csv
T20260928T20311200008,C014,GOOGL,SELL,38,428.71,79.12,USD,2026-09-28T20:31:12.379271+00:00,20260928T203112,2026-09-28 13:28:14.155000,Lama,P004,2026-09-28,internal_ledger/internal_ledger/20260928T203112.csv
T20260928T20311200009,C016,SAP,BUY,472,301.83,152.94,USD,2026-09-28T20:31:12.379271+00:00,20260928T203112,2026-09-28 13:28:14.155000,Noura,P009,2026-09-28,internal_ledger/internal_ledger/20260928T203112.csv
T20260928T20311200010,C017,SAP,BUY,224,200.95,262.99,USD,2026-09-28T20:31:12.379271+00:00,20260928T203112,2026-09-28 13:28:14.155000,Turki,P009,2026-09-28,internal_ledger/internal_ledger/20260928T203112.csv
T20260928T20311200011,C001,IBM,SELL,470,89.57,446.15,USD,2026-09-28T20:31:12.379271+00:00,20260928T203112,2026-09-28 13:28:14.155000,Khalid,P005,2026-09-28,internal_ledger/internal_ledger/20260928T203112.csv
T20260928T20311200012,C003,MSFT,BUY,200,71.49,271.3,USD,2026-09-28T20:31:12.379271+00:00,20260928T203112,2026-09-28 13:28:14.155000,Sara,P006,2026-09-28,internal_ledger/internal_ledger/20260928T203112.csv
T20260928T20311200013,C013,XPT,SELL,371,104.19,20.52,USD,2026-09-28T20:31:12.379271+00:00,20260928T203112,2026-09-28 13:28:14.155000,Fahad,P007,2026-09-28,internal_ledger/internal_ledger/20260928T203112.csv
T20260928T20311200014,C006,XAU,BUY,204,326.57,500.17,USD,2026-09-28T20:31:12.379271+00:00,20260928T203112,2026-09-28 13:28:14.155000,Aisha,P001,2026-09-28,internal_ledger/internal_ledger/20260928T203112.csv
T20260928T20311200015,C019,GOOGL,BUY,150,132.32,109.87,USD,2026-09-28T20:31:12.379271+00:00,20260928T203112,2026-09-28 13:28:14.155000,Majed,P002,2026-09-28,internal_ledger/internal_ledger/20260928T203112.csv
T20260928T20311200016,C011,VOD,BUY,30,241.67,237.41,USD,2026-09-28T20:31:12.379271+00:00,20260928T203112,2026-09-28 13:28:14.155000,Reem,P003,2026-09-28,internal_ledger/internal_ledger/20260928T203112.csv
T20260928T20311200017,C004,GOOGL,BUY,306,447.18,384.06,USD,2026-09-28T20:31:12.379271+00:00,20260928T203112,2026-09-28 13:28:14.155000,Omar,P009,2026-09-28,internal_ledger/internal_ledger/20260928T203112.csv
T20260928T20311200018,C017,GOOGL,BUY,315,328.29,165.34,USD,2026-09-28T20:31:12.379271+00:00,20260928T203112,2026-09-28 13:28:14.155000,Turki,P006,2026-09-28,internal_ledger/internal_ledger/20260928T203112.csv
T20260928T20311200019,C020,VOD,BUY,433,112.51,318.18,USD,2026-09-28T20:31:12.379271+00:00,20260928T203112,2026-09-28 13:28:14.155000,Hind,P001,2026-09-28,internal_ledger/internal_ledger/20260928T203112.csv
T20260928T20311200020,C007,XAU,SELL,414,253.33,48.97,USD,2026-09-28T20:31:12.379271+00:00,20260928T203112,2026-09-28 13:28:14.155000,Faisal,P008,2026-09-28,internal_ledger/internal_ledger/20260928T203112.csv
T20260928T20311200021,C019,XAG,BUY,469,306.13,14.82,USD,2026-09-28T20:31:12.379271+00:00,20260928T203112,2026-09-28 13:28:14.155000,Majed,P009,2026-09-28,internal_ledger/internal_ledger/20260928T203112.csv
T20260928T20311200022,C008,SAP,SELL,62,315.25,397.07,USD,2026-09-28T20:31:12.379271+00:00,20260928T203112,2026-09-28 13:28:14.155000,Maha,P006,2026-09-28,internal_ledger/internal_ledger/20260928T203112.csv
T20260928T20311200023,C009,XAU,BUY,405,265.08,553.26,USD,2026-09-28T20:31:12.379271+00:00,20260928T203112,2026-09-28 13:28:14.155000,Rana,P010,2026-09-28,internal_ledger/internal_ledger/20260928T203112.csv
T20260928T20311200024,C015,XPT,BUY,153,115.87,149.53,USD,2026-09-28T20:31:12.379271+00:00,20260928T203112,2026-09-28 13:28:14.155000,Yousef,P002,2026-09-28,internal_ledger/internal_ledger/20260928T203112.csv
T20260928T20311200025,C013,MSFT,BUY,134,397.27,390.41,USD,2026-09-28T20:31:12.379271+00:00,20260928T203112,2026-09-28 13:28:14.155000,Fahad,P010,2026-09-28,internal_ledger/internal_ledger/20260928T203112.csv
T20260928T20311200026,C020,XAU,BUY,94,458.03,81.06,USD,2026-09-28T20:31:12.379271+00:00,20260928T203112,2026-09-28 13:28:14.155000,Hind,P006,2026-09-28,internal_ledger/internal_ledger/20260928T203112.csv
T20260928T20311200027,C006,XAG,SELL,328,379.65,306.51,USD,2026-09-28T20:31:12.379271+00:00,20260928T203112,2026-09-28 13:28:14.155000,Aisha,P009,2026-09-28,internal_ledger/internal_ledger/20260928T203112.csv
T20260928T20311200028,C020,XAU,BUY,32,211.97,484.51,USD,2026-09-28T20:31:12.379271+00:00,20260928T203112,2026-09-28 13:28:14.155000,Hind,P009,2026-09-28,internal_ledger/internal_ledger/20260928T203112.csv
T20260928T20311200029,C009,IBM,BUY,88,252.76,166.43,USD,2026-09-28T20:31:12.379271+00:00,20260928T203112,2026-09-28 13:28:14.155000,Rana,P007,2026-09-28,internal_ledger/internal_ledger/20260928T203112.csv
T20260928T20311200030,C009,GOOGL,SELL,232,209.05,417.05,USD,2026-09-28T20:31:12.379271+00:00,20260928T203112,2026-09-28 13:28:14.155000,Rana,P010,2026-09-28,internal_ledger/internal_ledger/20260928T203112.csv
T20260928T20311200031,C019,XAG,SELL,423,433.48,36.18,USD,2026-09-28T20:31:12.379271+00:00,20260928T203112,2026-09-28 13:28:14.155000,Majed,P002,2026-09-28,internal_ledger/internal_ledger/20260928T203112.csv
T20260928T20311200032,C008,XAU,BUY,12,212.97,10.62,USD,2026-09-28T20:31:12.379271+00:00,20260928T203112,2026-09-28 13:28:14.155000,Maha,P010,2026-09-28,internal_ledger/internal_ledger/20260928T203112.csv
T20260928T20311200033,C002,XPT,SELL,278,276.53,550.8,USD,2026-09-28T20:31:12.379271+00:00,20260928T203112,2026-09-28 13:28:14.155000,Saad,P008,2026-09-28,internal_ledger/internal_ledger/20260928T203112.csv
T20260928T20311200034,C006,MSFT,BUY,45,279.17,632.05,USD,2026-09-28T20:31:12.379271+00:00,20260928T203112,2026-09-28 13:28:14.155000,Aisha,P003,2026-09-28,internal_ledger/internal_ledger/20260928T203112.csv
T20260928T20311200035,C005,MSFT,SELL,262,482.02,132.98,USD,2026-09-28T20:31:12.379271+00:00,20260928T203112,2026-09-28 13:28:14.155000,Huda,P003,2026-09-28,internal_ledger/internal_ledger/20260928T203112.csv
T20260928T20311200036,C012,VOD,BUY,432,442.26,212.7,USD,2026-09-28T20:31:12.379271+00:00,20260928T203112,2026-09-28 13:28:14.155000,Abdullah,P005,2026-09-28,internal_ledger/internal_ledger/20260928T203112.csv
T20260928T20311200037,C007,XPT,BUY,367,448.23,67.73,USD,2026-09-28T20:31:12.379271+00:00,20260928T203112,2026-09-28 13:28:14.155000,Faisal,P001,2026-09-28,internal_ledger/internal_ledger/20260928T203112.csv
T20260928T20311200038,C017,IBM,SELL,263,236.12,330.04,USD,2026-09-28T20:31:12.379271+00:00,20260928T203112,2026-09-28 13:28:14.155000,Turki,P001,2026-09-28,internal_ledger/internal_ledger/20260928T203112.csv
T20260928T20311200039,C008,XPT,BUY,159,273.21,75.37,USD,2026-09-28T20:31:12.379271+00:00,20260928T203112,2026-09-28 13:28:14.155000,Maha,P006,2026-09-28,internal_ledger/internal_ledger/20260928T203112.csv
T20260928T20311200040,C019,IBM,BUY,482,269.42,128.88,USD,2026-09-28T20:31:12.379271+00:00,20260928T203112,2026-09-28 13:28:14.155000,Majed,P005,2026-09-28,internal_ledger/internal_ledger/20260928T203112.csv
T20260928T20311200041,C009,SAP,BUY,156,79.53,67.59,USD,2026-09-28T20:31:12.379271+00:00,20260928T203112,2026-09-28 13:28:14.155000,Rana,P004,2026-09-28,internal_ledger/internal_ledger/20260928T203112.csv
T20260928T20311200042,C011,XAG,BUY,388,298.49,143.15,USD,2026-09-28T20:31:12.379271+00:00,20260928T203112,2026-09-28 13:28:14.155000,Reem,P002,2026-09-28,internal_ledger/internal_ledger/20260928T203112.csv
T20260928T20311200043,C001,IBM,SELL,89,464.44,310.28,USD,2026-09-28T20:31:12.379271+00:00,20260928T203112,2026-09-28 13:28:14.155000,Khalid,P003,2026-09-28,internal_ledger/internal_ledger/20260928T203112.csv
T20260928T20311200044,C005,XAU,BUY,336,136.71,598.05,USD,2026-09-28T20:31:12.379271+00:00,20260928T203112,2026-09-28 13:28:14.155000,Huda,P010,2026-09-28,internal_ledger/internal_ledger/20260928T203112.csv
T20260928T20311200045,C014,GOOGL,BUY,23,486.18,292.1,USD,2026-09-28T20:31:12.379271+00:00,20260928T203112,2026-09-28 13:28:14.155000,Lama,P005,2026-09-28,internal_ledger/internal_ledger/20260928T203112.csv
T20260928T20311200046,C002,XAG,BUY,243,375.08,500.87,USD,2026-09-28T20:31:12.379271+00:00,20260928T203112,2026-09-28 13:28:14.155000,Saad,P010,2026-09-28,internal_ledger/internal_ledger/20260928T203112.csv
T20260928T20311200047,C013,IBM,BUY,32,191.97,57.55,USD,2026-09-28T20:31:12.379271+00:00,20260928T203112,2026-09-28 13:28:14.155000,Fahad,P010,2026-09-28,internal_ledger/internal_ledger/20260928T203112.csv
T20260928T20311200048,C010,XAG,SELL,118,314.13,23.8,USD,2026-09-28T20:31:12.379271+00:00,20260928T203112,2026-09-28 13:28:14.155000,Amal,P004,2026-09-28,internal_ledger/internal_ledger/20260928T203112.csv
T20260928T20311200049,C004,XAU,SELL,310,439.79,109.73,USD,2026-09-28T20:31:12.379271+00:00,20260928T203112,2026-09-28 13:28:14.155000,Omar,P008,2026-09-28,internal_ledger/internal_ledger/20260928T203112.csv
T20260928T20311200050,C006,IBM,BUY,192,95.04,578.27,USD,2026-09-28T20:31:12.379271+00:00,20260928T203112,2026-09-28 13:28:14.155000,Aisha,P001,2026-09-28,internal_ledger/internal_ledger/20260928T203112.csv
T20260928T20311200051,C007,XAG,SELL,68,422.99,563.6,USD,2026-09-28T20:31:12.379271+00:00,20260928T203112,2026-09-28 13:28:14.155000,Faisal,P003,2026-09-28,internal_ledger/internal_ledger/20260928T203112.csv
T20260928T20311200052,C007,XAU,SELL,340,367.24,220.79,USD,2026-09-28T20:31:12.379271+00:00,20260928T203112,2026-09-28 13:28:14.155000,Faisal,P003,2026-09-28,internal_ledger/internal_ledger/20260928T203112.csv
T20260928T20311200053,C017,SAP,SELL,476,453.61,485.71,USD,2026-09-28T20:31:12.379271+00:00,20260928T203112,2026-09-28 13:28:14.155000,Turki,P001,2026-09-28,internal_ledger/internal_ledger/20260928T203112.csv
T20260928T20311200054,C012,SAP,BUY,81,117.32,55.07,USD,2026-09-28T20:31:12.379271+00:00,20260928T203112,2026-09-28 13:28:14.155000,Abdullah,P009,2026-09-28,internal_ledger/internal_ledger/20260928T203112.csv
T20260928T20311200055,C009,MSFT,BUY,48,100.41,399.76,USD,2026-09-28T20:31:12.379271+00:00,20260928T203112,2026-09-28 13:28:14.155000,Rana,P006,2026-09-28,internal_ledger/internal_ledger/20260928T203112.csv
T20260928T20311200056,C012,MSFT,SELL,100,402.08,593.28,USD,2026-09-28T20:31:12.379271+00:00,20260928T203112,2026-09-28 13:28:14.155000,Abdullah,P003,2026-09-28,internal_ledger/internal_ledger/20260928T203112.csv
T20260928T20311200057,C003,IBM,BUY,476,240.74,241.07,USD,2026-09-28T20:31:12.379271+00:00,20260928T203112,2026-09-28 13:28:14.155000,Sara,P002,2026-09-28,internal_ledger/internal_ledger/20260928T203112.csv
T20260928T20311200058,C001,SAP,SELL,147,329.24,305.43,USD,2026-09-28T20:31:12.379271+00:00,20260928T203112,2026-09-28 13:28:14.155000,Khalid,P007,2026-09-28,internal_ledger/internal_ledger/20260928T203112.csv
T20260928T20311200059,C019,IBM,SELL,118,337.35,312.93,USD,2026-09-28T20:31:12.379271+00:00,20260928T203112,2026-09-28 13:28:14.155000,Majed,P001,2026-09-28,internal_ledger/internal_ledger/20260928T203112.csv
T20260928T20311200060,C004,MSFT,SELL,44,171.69,166.4,USD,2026-09-28T20:31:12.379271+00:00,20260928T203112,2026-09-28 13:28:14.155000,Omar,P005,2026-09-28,internal_ledger/internal_ledger/20260928T203112.csv
T20260928T20311200061,C018,SAP,SELL,284,295.32,531.48,USD,2026-09-28T20:31:12.379271+00:00,20260928T203112,2026-09-28 13:28:14.155000,Dana,P002,2026-09-28,internal_ledger/internal_ledger/20260928T203112.csv
T20260928T20311200062,C005,XAG,SELL,281,78.16,599.42,USD,2026-09-28T20:31:12.379271+00:00,20260928T203112,2026-09-28 13:28:14.155000,Huda,P003,2026-09-28,internal_ledger/internal_ledger/20260928T203112.csv
T20260928T20311200063,C017,MSFT,BUY,355,267.33,188.4,USD,2026-09-28T20:31:12.379271+00:00,20260928T203112,2026-09-28 13:28:14.155000,Turki,P006,2026-09-28,internal_ledger/internal_ledger/20260928T203112.csv
T20260928T20311200064,C005,XAG,BUY,211,92.07,551.3,USD,2026-09-28T20:31:12.379271+00:00,20260928T203112,2026-09-28 13:28:14.155000,Huda,P008,2026-09-28,internal_ledger/internal_ledger/20260928T203112.csv
T20260928T20311200065,C013,XAU,BUY,281,442.97,499.1,USD,2026-09-28T20:31:12.379271+00:00,20260928T203112,2026-09-28 13:28:14.155000,Fahad,P001,2026-09-28,internal_ledger/internal_ledger/20260928T203112.csv
T20260928T20311200066,C002,XAG,SELL,105,399.56,546.57,USD,2026-09-28T20:31:12.379271+00:00,20260928T203112,2026-09-28 13:28:14.155000,Saad,P006,2026-09-28,internal_ledger/internal_ledger/20260928T203112.csv
T20260928T20311200067,C019,XAG,BUY,46,180.04,40.19,USD,2026-09-28T20:31:12.379271+00:00,20260928T203112,2026-09-28 13:28:14.155000,Majed,P002,2026-09-28,internal_ledger/internal_ledger/20260928T203112.csv
T20260928T20311200068,C004,MSFT,BUY,45,361.11,521.05,USD,2026-09-28T20:31:12.379271+00:00,20260928T203112,2026-09-28 13:28:14.155000,Omar,P002,2026-09-28,internal_ledger/internal_ledger/20260928T203112.csv
T20260928T20311200069,C019,XPT,BUY,28,145.1,468.31,USD,2026-09-28T20:31:12.379271+00:00,20260928T203112,2026-09-28 13:28:14.155000,Majed,P009,2026-09-28,internal_ledger/internal_ledger/20260928T203112.csv
T20260928T20311200070,C002,GOOGL,BUY,139,357.42,582.15,USD,2026-09-28T20:31:12.379271+00:00,20260928T203112,2026-09-28 13:28:14.155000,Saad,P007,2026-09-28,internal_ledger/internal_ledger/20260928T203112.csv
T20260928T20311200071,C020,XPT,SELL,103,408.17,603.22,USD,2026-09-28T20:31:12.379271+00:00,20260928T203112,2026-09-28 13:28:14.155000,Hind,P009,2026-09-28,internal_ledger/internal_ledger/20260928T203112.csv
T20260928T20311200072,C008,VOD,BUY,159,332.39,417.11,USD,2026-09-28T20:31:12.379271+00:00,20260928T203112,2026-09-28 13:28:14.155000,Maha,P008,2026-09-28,internal_ledger/internal_ledger/20260928T203112.csv
T20260928T20311200073,C016,SAP,SELL,380,192.05,465.48,USD,2026-09-28T20:31:12.379271+00:00,20260928T203112,2026-09-28 13:28:14.155000,Noura,P009,2026-09-28,internal_ledger/internal_ledger/20260928T203112.csv
T20260928T20311200074,C015,GOOGL,BUY,319,465.79,424.66,USD,2026-09-28T20:31:12.379271+00:00,20260928T203112,2026-09-28 13:28:14.155000,Yousef,P008,2026-09-28,internal_ledger/internal_ledger/20260928T203112.csv
T20260928T20311200075,C004,XAU,SELL,476,324.5,288.47,USD,2026-09-28T20:31:12.379271+00:00,20260928T203112,2026-09-28 13:28:14.155000,Omar,P002,2026-09-28,internal_ledger/internal_ledger/20260928T203112.csv
T20260928T20311200076,C019,GOOGL,BUY,243,444.76,469.17,USD,2026-09-28T20:31:12.379271+00:00,20260928T203112,2026-09-28 13:28:14.155000,Majed,P003,2026-09-28,internal_ledger/internal_ledger/20260928T203112.csv
T20260928T20311200077,C007,XPT,BUY,390,101.48,338.22,USD,2026-09-28T20:31:12.379271+00:00,20260928T203112,2026-09-28 13:28:14.155000,Faisal,P005,2026-09-28,internal_ledger/internal_ledger/20260928T203112.csv
T20260928T20311200078,C011,XAU,BUY,117,438.74,344.56,USD,2026-09-28T20:31:12.379271+00:00,20260928T203112,2026-09-28 13:28:14.155000,Reem,P002,2026-09-28,internal_ledger/internal_ledger/20260928T203112.csv
T20260928T20311200079,C004,MSFT,SELL,468,229.81,600.37,USD,2026-09-28T20:31:12.379271+00:00,20260928T203112,2026-09-28 13:28:14.155000,Omar,P002,2026-09-28,internal_ledger/internal_ledger/20260928T203112.csv
T20260928T20311200080,C012,VOD,BUY,42,87.62,156.55,USD,2026-09-28T20:31:12.379271+00:00,20260928T203112,2026-09-28 13:28:14.155000,Abdullah,P006,2026-09-28,internal_ledger/internal_ledger/20260928T203112.csv
T20260928T20311200081,C013,MSFT,SELL,158,92.42,233.35,USD,2026-09-28T20:31:12.379271+00:00,20260928T203112,2026-09-28 13:28:14.155000,Fahad,P006,2026-09-28,internal_ledger/internal_ledger/20260928T203112.csv
T20260928T20311200082,C018,XAU,BUY,326,400.93,209.67,USD,2026-09-28T20:31:12.379271+00:00,20260928T203112,2026-09-28 13:28:14.155000,Dana,P004,2026-09-28,internal_ledger/internal_ledger/20260928T203112.csv
T20260928T20311200083,C020,GOOGL,SELL,374,345.47,216.57,USD,2026-09-28T20:31:12.379271+00:00,20260928T203112,2026-09-28 13:28:14.155000,Hind,P001,2026-09-28,internal_ledger/internal_ledger/20260928T203112.csv
T20260928T20311200084,C003,GOOGL,BUY,314,128.47,45.52,USD,2026-09-28T20:31:12.379271+00:00,20260928T203112,2026-09-28 13:28:14.155000,Sara,P008,2026-09-28,internal_ledger/internal_ledger/20260928T203112.csv
T20260928T20311200085,C001,XPT,SELL,189,376.99,217.1,USD,2026-09-28T20:31:12.379271+00:00,20260928T203112,2026-09-28 13:28:14.155000,Khalid,P001,2026-09-28,internal_ledger/internal_ledger/20260928T203112.csv
T20260928T20311200086,C002,VOD,SELL,226,368.41,142.96,USD,2026-09-28T20:31:12.379271+00:00,20260928T203112,2026-09-28 13:28:14.155000,Saad,P001,2026-09-28,internal_ledger/internal_ledger/20260928T203112.csv
T20260928T20311200087,C007,GOOGL,SELL,459,97.72,105.45,USD,2026-09-28T20:31:12.379271+00:00,20260928T203112,2026-09-28 13:28:14.155000,Faisal,P006,2026-09-28,internal_ledger/internal_ledger/20260928T203112.csv
T20260928T20311200088,C004,MSFT,SELL,34,108.68,104.33,USD,2026-09-28T20:31:12.379271+00:00,20260928T203112,2026-09-28 13:28:14.155000,Omar,P002,2026-09-28,internal_ledger/internal_ledger/20260928T203112.csv
T20260928T20311200089,C017,XAU,SELL,250,327.75,211.23,USD,2026-09-28T20:31:12.379271+00:00,20260928T203112,2026-09-28 13:28:14.155000,Turki,P008,2026-09-28,internal_ledger/internal_ledger/20260928T203112.csv
T20260928T20311200090,C015,VOD,SELL,158,144.4,227.35,USD,2026-09-28T20:31:12.379271+00:00,20260928T203112,2026-09-28 13:28:14.155000,Yousef,P004,2026-09-28,internal_ledger/internal_ledger/20260928T203112.csv
T20260928T20311200091,C012,GOOGL,BUY,121,306.58,386.99,USD,2026-09-28T20:31:12.379271+00:00,20260928T203112,2026-09-28 13:28:14.155000,Abdullah,P002,2026-09-28,internal_ledger/internal_ledger/20260928T203112.csv
T20260928T20311200092,C008,MSFT,SELL,415,480.24,349.93,USD,2026-09-28T20:31:12.379271+00:00,20260928T203112,2026-09-28 13:28:14.155000,Maha,P002,2026-09-28,internal_ledger/internal_ledger/20260928T203112.csv
T20260928T20311200093,C018,XPT,BUY,348,69.22,489.01,USD,2026-09-28T20:31:12.379271+00:00,20260928T203112,2026-09-28 13:28:14.155000,Dana,P010,2026-09-28,internal_ledger/internal_ledger/20260928T203112.csv
T20260928T20311200094,C011,IBM,SELL,451,440.62,372.55,USD,2026-09-28T20:31:12.379271+00:00,20260928T203112,2026-09-28 13:28:14.155000,Reem,P001,2026-09-28,internal_ledger/internal_ledger/20260928T203112.csv
T20260928T20311200095,C016,MSFT,BUY,35,301.44,352.11,USD,2026-09-28T20:31:12.379271+00:00,20260928T203112,2026-09-28 13:28:14.155000,Noura,P009,2026-09-28,internal_ledger/internal_ledger/20260928T203112.csv
T20260928T20311200096,C005,GOOGL,BUY,151,138.75,329.7,USD,2026-09-28T20:31:12.379271+00:00,20260928T203112,2026-09-28 13:28:14.155000,Huda,P004,2026-09-28,internal_ledger/internal_ledger/20260928T203112.csv
T20260928T20311200097,C008,IBM,BUY,438,188.3,180.54,USD,2026-09-28T20:31:12.379271+00:00,20260928T203112,2026-09-28 13:28:14.155000,Maha,P008,2026-09-28,internal_ledger/internal_ledger/20260928T203112.csv
T20260928T20311200098,C017,XAU,BUY,290,94.14,178.5,USD,2026-09-28T20:31:12.379271+00:00,20260928T203112,2026-09-28 13:28:14.155000,Turki,P006,2026-09-28,internal_ledger/internal_ledger/20260928T203112.csv
T20260928T20311200099,C005,MSFT,SELL,108,297.11,519.91,USD,2026-09-28T20:31:12.379271+00:00,20260928T203112,2026-09-28 13:28:14.155000,Huda,P008,2026-09-28,internal_ledger/internal_ledger/20260928T203112.csv
T20260928T20311200100,C011,XAG,SELL,220,350.14,516.29,USD,2026-09-28T20:31:12.379271+00:00,20260928T203112,2026-09-28 13:28:14.155000,Reem,P005,2026-09-28,internal_ledger/internal_ledger/20260928T203112.csv
T20260928T20311200101,C003,XAU,SELL,35,484.91,219.15,USD,2026-09-28T20:31:12.379271+00:00,20260928T203112,2026-09-28 13:28:14.155000,Sara,P010,2026-09-28,internal_ledger/internal_ledger/20260928T203112.csv
T20260928T20311200102,C016,MSFT,BUY,290,367.42,411.17,USD,2026-09-28T20:31:12.379271+00:00,20260928T203112,2026-09-28 13:28:14.155000,Noura,P008,2026-09-28,internal_ledger/internal_ledger/20260928T203112.csv
T20260928T20311200103,C002,XAU,BUY,143,334.27,155.09,USD,2026-09-28T20:31:12.379271+00:00,20260928T203112,2026-09-28 13:28:14.155000,Saad,P007,2026-09-28,internal_ledger/internal_ledger/20260928T203112.csv
T20260928T20311200104,C001,MSFT,BUY,204,168.47,204.67,USD,2026-09-28T20:31:12.379271+00:00,20260928T203112,2026-09-28 13:28:14.155000,Khalid,P004,2026-09-28,internal_ledger/internal_ledger/20260928T203112.csv
T20260928T20311200105,C006,XAU,SELL,154,283.62,282.57,USD,2026-09-28T20:31:12.379271+00:00,20260928T203112,2026-09-28 13:28:14.155000,Aisha,P005,2026-09-28,internal_ledger/internal_ledger/20260928T203112.csv
T20260928T20311200106,C018,MSFT,BUY,207,461.16,590.04,USD,2026-09-28T20:31:12.379271+00:00,20260928T203112,2026-09-28 13:28:14.155000,Dana,P006,2026-09-28,internal_ledger/internal_ledger/20260928T203112.csv
T20260928T20311200107,C009,GOOGL,BUY,479,221.89,122.63,USD,2026-09-28T20:31:12.379271+00:00,20260928T203112,2026-09-28 13:28:14.155000,Rana,P005,2026-09-28,internal_ledger/internal_ledger/20260928T203112.csv
T20260928T20311200108,C011,XAU,SELL,220,441.78,271.35,USD,2026-09-28T20:31:12.379271+00:00,20260928T203112,2026-09-28 13:28:14.155000,Reem,P005,2026-09-28,internal_ledger/internal_ledger/20260928T203112.csv
T20260928T20311200109,C011,IBM,SELL,18,361.24,15.11,USD,2026-09-28T20:31:12.379271+00:00,20260928T203112,2026-09-28 13:28:14.155000,Reem,P002,2026-09-28,internal_ledger/internal_ledger/20260928T203112.csv
T20260928T20311200110,C011,MSFT,SELL,429,208.87,181.38,USD,2026-09-28T20:31:12.379271+00:00,20260928T203112,2026-09-28 13:28:14.155000,Reem,P008,2026-09-28,internal_ledger/internal_ledger/20260928T203112.csv
T20260928T20311200111,C018,VOD,SELL,163,196.49,244.2,USD,2026-09-28T20:31:12.379271+00:00,20260928T203112,2026-09-28 13:28:14.155000,Dana,P010,2026-09-28,internal_ledger/internal_ledger/20260928T203112.csv
T20260928T20311200112,C018,GOOGL,SELL,222,163.9,293.93,USD,2026-09-28T20:31:12.379271+00:00,20260928T203112,2026-09-28 13:28:14.155000,Dana,P005,2026-09-28,internal_ledger/internal_ledger/20260928T203112.csv
T20260928T20311200113,C004,XPT,SELL,366,257.99,86.28,USD,2026-09-28T20:31:12.379271+00:00,20260928T203112,2026-09-28 13:28:14.155000,Omar,P006,2026-09-28,internal_ledger/internal_ledger/20260928T203112.csv
T20260928T20311200114,C019,MSFT,SELL,426,111.19,96.8,USD,2026-09-28T20:31:12.379271+00:00,20260928T203112,2026-09-28 13:28:14.155000,Majed,P008,2026-09-28,internal_ledger/internal_ledger/20260928T203112.csv
T20260928T20311200115,C011,XAG,BUY,125,144.56,471.83,USD,2026-09-28T20:31:12.379271+00:00,20260928T203112,2026-09-28 13:28:14.155000,Reem,P005,2026-09-28,internal_ledger/internal_ledger/20260928T203112.csv
T20260928T20311200116,C010,SAP,BUY,77,337.36,51.73,USD,2026-09-28T20:31:12.379271+00:00,20260928T203112,2026-09-28 13:28:14.155000,Amal,P004,2026-09-28,internal_ledger/internal_ledger/20260928T203112.csv
T20260928T20311200117,C020,SAP,SELL,13,486.2,181.07,USD,2026-09-28T20:31:12.379271+00:00,20260928T203112,2026-09-28 13:28:14.155000,Hind,P005,2026-09-28,internal_ledger/internal_ledger/20260928T203112.csv
T20260928T20311200118,C014,GOOGL,BUY,262,401.93,267.54,USD,2026-09-28T20:31:12.379271+00:00,20260928T203112,2026-09-28 13:28:14.155000,Lama,P009,2026-09-28,internal_ledger/internal_ledger/20260928T203112.csv
T20260928T20311200119,C018,IBM,SELL,91,197.53,413.5,USD,2026-09-28T20:31:12.379271+00:00,20260928T203112,2026-09-28 13:28:14.155000,Dana,P007,2026-09-28,internal_ledger/internal_ledger/20260928T203112.csv
T20260928T20311200120,C015,VOD,SELL,163,429.11,407.84,USD,2026-09-28T20:31:12.379271+00:00,20260928T203112,2026-09-28 13:28:14.155000,Yousef,P001,2026-09-28,internal_ledger/internal_ledger/20260928T203112.csv
T20260928T20311200121,C003,SAP,SELL,301,441.86,549.66,USD,2026-09-28T20:31:12.379271+00:00,20260928T203112,2026-09-28 13:28:14.155000,Sara,P003,2026-09-28,internal_ledger/internal_ledger/20260928T203112.csv
T20260928T20311200122,C005,XPT,SELL,360,328.38,413.89,USD,2026-09-28T20:31:12.379271+00:00,20260928T203112,2026-09-28 13:28:14.155000,Huda,P001,2026-09-28,internal_ledger/internal_ledger/20260928T203112.csv
T20260928T20311200123,C013,IBM,BUY,480,218.46,115.94,USD,2026-09-28T20:31:12.379271+00:00,20260928T203112,2026-09-28 13:28:14.155000,Fahad,P004,2026-09-28,internal_ledger/internal_ledger/20260928T203112.csv
T20260928T20311200124,C011,XPT,SELL,336,189.41,436.31,USD,2026-09-28T20:31:12.379271+00:00,20260928T203112,2026-09-28 13:28:14.155000,Reem,P007,2026-09-28,internal_ledger/internal_ledger/20260928T203112.csv
T20260928T20311200125,C014,SAP,BUY,65,415.23,211.02,USD,2026-09-28T20:31:12.379271+00:00,20260928T203112,2026-09-28 13:28:14.155000,Lama,P002,2026-09-28,internal_ledger/internal_ledger/20260928T203112.csv
T20260928T20311200126,C007,MSFT,SELL,301,470.49,99.72,USD,2026-09-28T20:31:12.379271+00:00,20260928T203112,2026-09-28 13:28:14.155000,Faisal,P002,2026-09-28,internal_ledger/internal_ledger/20260928T203112.csv
T20260928T20311200127,C013,IBM,BUY,98,244.3,413.04,USD,2026-09-28T20:31:12.379271+00:00,20260928T203112,2026-09-28 13:28:14.155000,Fahad,P006,2026-09-28,internal_ledger/internal_ledger/20260928T203112.csv
T20260928T20311200128,C007,XAG,BUY,461,163.29,224.9,USD,2026-09-28T20:31:12.379271+00:00,20260928T203112,2026-09-28 13:28:14.155000,Faisal,P004,2026-09-28,internal_ledger/internal_ledger/20260928T203112.csv
T20260928T20311200129,C005,XAU,BUY,376,88.02,565.3,USD,2026-09-28T20:31:12.379271+00:00,20260928T203112,2026-09-28 13:28:14.155000,Huda,P007,2026-09-28,internal_ledger/internal_ledger/20260928T203112.csv
T20260928T20311200130,C017,XAG,BUY,299,306.37,482.3,USD,2026-09-28T20:31:12.379271+00:00,20260928T203112,2026-09-28 13:28:14.155000,Turki,P004,2026-09-28,internal_ledger/internal_ledger/20260928T203112.csv
T20260928T20311200131,C019,GOOGL,SELL,155,247.72,383.28,USD,2026-09-28T20:31:12.379271+00:00,20260928T203112,2026-09-28 13:28:14.155000,Majed,P007,2026-09-28,internal_ledger/internal_ledger/20260928T203112.csv
T20260928T20311200132,C007,MSFT,BUY,223,340.52,179.06,USD,2026-09-28T20:31:12.379271+00:00,20260928T203112,2026-09-28 13:28:14.155000,Faisal,P001,2026-09-28,internal_ledger/internal_ledger/20260928T203112.csv
T20260928T20311200133,C006,SAP,SELL,242,256.55,598.26,USD,2026-09-28T20:31:12.379271+00:00,20260928T203112,2026-09-28 13:28:14.155000,Aisha,P007,2026-09-28,internal_ledger/internal_ledger/20260928T203112.csv
T20260928T20311200134,C011,IBM,BUY,90,72.8,132.21,USD,2026-09-28T20:31:12.379271+00:00,20260928T203112,2026-09-28 13:28:14.155000,Reem,P004,2026-09-28,internal_ledger/internal_ledger/20260928T203112.csv
T20260928T20311200135,C007,VOD,SELL,243,83.11,167.5,USD,2026-09-28T20:31:12.379271+00:00,20260928T203112,2026-09-28 13:28:14.155000,Faisal,P006,2026-09-28,internal_ledger/internal_ledger/20260928T203112.csv
T20260928T20311200136,C008,SAP,SELL,105,416.26,173.72,USD,2026-09-28T20:31:12.379271+00:00,20260928T203112,2026-09-28 13:28:14.155000,Maha,P002,2026-09-28,internal_ledger/internal_ledger/20260928T203112.csv
T20260928T20311200137,C014,XAG,BUY,268,238.35,280.61,USD,2026-09-28T20:31:12.379271+00:00,20260928T203112,2026-09-28 13:28:14.155000,Lama,P002,2026-09-28,internal_ledger/internal_ledger/20260928T203112.csv
T20260928T20311200138,C019,GOOGL,SELL,419,421.74,261.12,USD,2026-09-28T20:31:12.379271+00:00,20260928T203112,2026-09-28 13:28:14.155000,Majed,P005,2026-09-28,internal_ledger/internal_ledger/20260928T203112.csv
T20260928T20311200139,C013,MSFT,BUY,401,144.99,508.01,USD,2026-09-28T20:31:12.379271+00:00,20260928T203112,2026-09-28 13:28:14.155000,Fahad,P003,2026-09-28,internal_ledger/internal_ledger/20260928T203112.csv
T20260928T20311200140,C008,XAG,SELL,260,309.4,582.38,USD,2026-09-28T20:31:12.379271+00:00,20260928T203112,2026-09-28 13:28:14.155000,Maha,P009,2026-09-28,internal_ledger/internal_ledger/20260928T203112.csv
T20260928T20311200141,C017,XAG,SELL,59,442.8,111.61,USD,2026-09-28T20:31:12.379271+00:00,20260928T203112,2026-09-28 13:28:14.155000,Turki,P006,2026-09-28,internal_ledger/internal_ledger/20260928T203112.csv
T20260928T20311200142,C007,MSFT,SELL,142,267.06,385.01,USD,2026-09-28T20:31:12.379271+00:00,20260928T203112,2026-09-28 13:28:14.155000,Faisal,P003,2026-09-28,internal_ledger/internal_ledger/20260928T203112.csv
T20260928T20311200143,C004,XAG,SELL,453,219.37,115.16,USD,2026-09-28T20:31:12.379271+00:00,20260928T203112,2026-09-28 13:28:14.155000,Omar,P009,2026-09-28,internal_ledger/internal_ledger/20260928T203112.csv
T20260928T20311200144,C020,XAG,SELL,227,77.99,509.23,USD,2026-09-28T20:31:12.379271+00:00,20260928T203112,2026-09-28 13:28:14.155000,Hind,P004,2026-09-28,internal_ledger/internal_ledger/20260928T203112.csv
T20260928T20311200145,C006,XPT,BUY,474,234.75,427.13,USD,2026-09-28T20:31:12.379271+00:00,20260928T203112,2026-09-28 13:28:14.155000,Aisha,P010,2026-09-28,internal_ledger/internal_ledger/20260928T203112.csv
T20260928T20311200146,C012,MSFT,BUY,412,414.55,169.26,USD,2026-09-28T20:31:12.379271+00:00,20260928T203112,2026-09-28 13:28:14.155000,Abdullah,P003,2026-09-28,internal_ledger/internal_ledger/20260928T203112.csv
T20260928T20311200147,C003,XAU,BUY,72,478.15,598.27,USD,2026-09-28T20:31:12.379271+00:00,20260928T203112,2026-09-28 13:28:14.155000,Sara,P007,2026-09-28,internal_ledger/internal_ledger/20260928T203112.csv
T20260928T20311200148,C006,XAU,BUY,316,341.29,29.69,USD,2026-09-28T20:31:12.379271+00:00,20260928T203112,2026-09-28 13:28:14.155000,Aisha,P002,2026-09-28,internal_ledger/internal_ledger/20260928T203112.csv
T20260928T20311200149,C001,GOOGL,SELL,160,132.18,465.9,USD,2026-09-28T20:31:12.379271+00:00,20260928T203112,2026-09-28 13:28:14.155000,Khalid,P002,2026-09-28,internal_ledger/internal_ledger/20260928T203112.csv
T20260928T20311200150,C020,MSFT,SELL,271,333.26,504.55,USD,2026-09-28T20:31:12.379271+00:00,20260928T203112,2026-09-28 13:28:14.155000,Hind,P008,2026-09-28,internal_ledger/internal_ledger/20260928T203112.csv
T20260928T20311200151,C005,SAP,BUY,35,377.25,223.43,USD,2026-09-28T20:31:12.379271+00:00,20260928T203112,2026-09-28 13:28:14.155000,Huda,P009,2026-09-28,internal_ledger/internal_ledger/20260928T203112.csv
T20260928T20311200152,C001,MSFT,SELL,61,331.77,253.02,USD,2026-09-28T20:31:12.379271+00:00,20260928T203112,2026-09-28 13:28:14.155000,Khalid,P003,2026-09-28,internal_ledger/internal_ledger/20260928T203112.csv
T20260928T20311200153,C012,IBM,SELL,206,394.36,175.25,USD,2026-09-28T20:31:12.379271+00:00,20260928T203112,2026-09-28 13:28:14.155000,Abdullah,P005,2026-09-28,internal_ledger/internal_ledger/20260928T203112.csv
T20260928T20311200154,C019,GOOGL,BUY,366,346.07,361.27,USD,2026-09-28T20:31:12.379271+00:00,20260928T203112,2026-09-28 13:28:14.155000,Majed,P003,2026-09-28,internal_ledger/internal_ledger/20260928T203112.csv
T20260928T20311200155,C007,VOD,SELL,109,112.58,175.2,USD,2026-09-28T20:31:12.379271+00:00,20260928T203112,2026-09-28 13:28:14.155000,Faisal,P006,2026-09-28,internal_ledger/internal_ledger/20260928T203112.csv
T20260928T20311200156,C013,GOOGL,SELL,37,78.23,250.5,USD,2026-09-28T20:31:12.379271+00:00,20260928T203112,2026-09-28 13:28:14.155000,Fahad,P010,2026-09-28,internal_ledger/internal_ledger/20260928T203112.csv
T20260928T20311200157,C019,SAP,BUY,9,380.04,212.8,USD,2026-09-28T20:31:12.379271+00:00,20260928T203112,2026-09-28 13:28:14.155000,Majed,P004,2026-09-28,internal_ledger/internal_ledger/20260928T203112.csv
T20260928T20311200158,C007,XAU,BUY,222,175.66,62.77,USD,2026-09-28T20:31:12.379271+00:00,20260928T203112,2026-09-28 13:28:14.155000,Faisal,P007,2026-09-28,internal_ledger/internal_ledger/20260928T203112.csv
T20260928T20311200159,C015,XPT,BUY,236,84.35,430.12,USD,2026-09-28T20:31:12.379271+00:00,20260928T203112,2026-09-28 13:28:14.155000,Yousef,P001,2026-09-28,internal_ledger/internal_ledger/20260928T203112.csv
T20260928T20311200160,C019,SAP,BUY,213,442.42,21.28,USD,2026-09-28T20:31:12.379271+00:00,20260928T203112,2026-09-28 13:28:14.155000,Majed,P009,2026-09-28,internal_ledger/internal_ledger/20260928T203112.csv
T20260928T20311200161,C009,XAG,SELL,372,254.08,91.06,USD,2026-09-28T20:31:12.379271+00:00,20260928T203112,2026-09-28 13:28:14.155000,Rana,P007,2026-09-28,internal_ledger/internal_ledger/20260928T203112.csv
T20260928T20311200162,C016,GOOGL,BUY,365,76.6,18.58,USD,2026-09-28T20:31:12.379271+00:00,20260928T203112,2026-09-28 13:28:14.155000,Noura,P006,2026-09-28,internal_ledger/internal_ledger/20260928T203112.csv
T20260928T20311200163,C010,XAG,BUY,471,447.45,337.13,USD,2026-09-28T20:31:12.379271+00:00,20260928T203112,2026-09-28 13:28:14.155000,Amal,P010,2026-09-28,internal_ledger/internal_ledger/20260928T203112.csv
T20260928T20311200164,C015,XAU,BUY,441,458.88,468.63,USD,2026-09-28T20:31:12.379271+00:00,20260928T203112,2026-09-28 13:28:14.155000,Yousef,P010,2026-09-28,internal_ledger/internal_ledger/20260928T203112.csv
T20260928T20311200165,C001,SAP,BUY,60,105.8,389.54,USD,2026-09-28T20:31:12.379271+00:00,20260928T203112,2026-09-28 13:28:14.155000,Khalid,P003,2026-09-28,internal_ledger/internal_ledger/20260928T203112.csv
T20260928T20311200166,C008,VOD,SELL,251,294.07,612.65,USD,2026-09-28T20:31:12.379271+00:00,20260928T203112,2026-09-28 13:28:14.155000,Maha,P010,2026-09-28,internal_ledger/internal_ledger/20260928T203112.csv
T20260928T20311200167,C001,MSFT,SELL,427,88.81,16.55,USD,2026-09-28T20:31:12.379271+00:00,20260928T203112,2026-09-28 13:28:14.155000,Khalid,P006,2026-09-28,internal_ledger/internal_ledger/20260928T203112.csv
T20260928T20311200168,C018,VOD,BUY,392,184.09,422.34,USD,2026-09-28T20:31:12.379271+00:00,20260928T203112,2026-09-28 13:28:14.155000,Dana,P009,2026-09-28,internal_ledger/internal_ledger/20260928T203112.csv
T20260928T20311200169,C017,XAG,SELL,150,457.39,78.05,USD,2026-09-28T20:31:12.379271+00:00,20260928T203112,2026-09-28 13:28:14.155000,Turki,P007,2026-09-28,internal_ledger/internal_ledger/20260928T203112.csv
T20260928T20311200170,C014,MSFT,SELL,11,211.74,467.62,USD,2026-09-28T20:31:12.379271+00:00,20260928T203112,2026-09-28 13:28:14.155000,Lama,P005,2026-09-28,internal_ledger/internal_ledger/20260928T203112.csv
T20260928T20311200171,C004,IBM,SELL,373,402.68,19.22,USD,2026-09-28T20:31:12.379271+00:00,20260928T203112,2026-09-28 13:28:14.155000,Omar,P010,2026-09-28,internal_ledger/internal_ledger/20260928T203112.csv
T20260928T20311200172,C020,SAP,SELL,315,94.11,89.98,USD,2026-09-28T20:31:12.379271+00:00,20260928T203112,2026-09-28 13:28:14.155000,Hind,P009,2026-09-28,internal_ledger/internal_ledger/20260928T203112.csv
T20260928T20311200173,C003,GOOGL,SELL,394,445.97,221.88,USD,2026-09-28T20:31:12.379271+00:00,20260928T203112,2026-09-28 13:28:14.155000,Sara,P006,2026-09-28,internal_ledger/internal_ledger/20260928T203112.csv
T20260928T20311200174,C006,VOD,SELL,36,223.0,400.71,USD,2026-09-28T20:31:12.379271+00:00,20260928T203112,2026-09-28 13:28:14.155000,Aisha,P005,2026-09-28,internal_ledger/internal_ledger/20260928T203112.csv
T20260928T20311200175,C010,SAP,BUY,244,283.18,513.1,USD,2026-09-28T20:31:12.379271+00:00,20260928T203112,2026-09-28 13:28:14.155000,Amal,P002,2026-09-28,internal_ledger/internal_ledger/20260928T203112.csv
T20260928T20311200176,C016,VOD,BUY,227,479.18,512.4,USD,2026-09-28T20:31:12.379271+00:00,20260928T203112,2026-09-28 13:28:14.155000,Noura,P009,2026-09-28,internal_ledger/internal_ledger/20260928T203112.csv
T20260928T20311200177,C018,XPT,BUY,373,205.73,24.7,USD,2026-09-28T20:31:12.379271+00:00,20260928T203112,2026-09-28 13:28:14.155000,Dana,P006,2026-09-28,internal_ledger/internal_ledger/20260928T203112.csv
T20260928T20311200178,C014,XAU,BUY,169,322.86,237.5,USD,2026-09-28T20:31:12.379271+00:00,20260928T203112,2026-09-28 13:28:14.155000,Lama,P007,2026-09-28,internal_ledger/internal_ledger/20260928T203112.csv
T20260928T20311200179,C006,SAP,BUY,295,149.35,131.62,USD,2026-09-28T20:31:12.379271+00:00,20260928T203112,2026-09-28 13:28:14.155000,Aisha,P004,2026-09-28,internal_ledger/internal_ledger/20260928T203112.csv
T20260928T20311200180,C015,VOD,SELL,92,67.72,189.8,USD,2026-09-28T20:31:12.379271+00:00,20260928T203112,2026-09-28 13:28:14.155000,Yousef,P001,2026-09-28,internal_ledger/internal_ledger/20260928T203112.csv
T20260928T20311200181,C019,VOD,BUY,16,487.76,393.74,USD,2026-09-28T20:31:12.379271+00:00,20260928T203112,2026-09-28 13:28:14.155000,Majed,P006,2026-09-28,internal_ledger/internal_ledger/20260928T203112.csv
T20260928T20311200182,C014,VOD,BUY,440,119.92,193.74,USD,2026-09-28T20:31:12.379271+00:00,20260928T203112,2026-09-28 13:28:14.155000,Lama,P005,2026-09-28,internal_ledger/internal_ledger/20260928T203112.csv
T20260928T20311200183,C002,VOD,BUY,135,403.58,163.34,USD,2026-09-28T20:31:12.379271+00:00,20260928T203112,2026-09-28 13:28:14.155000,Saad,P010,2026-09-28,internal_ledger/internal_ledger/20260928T203112.csv
T20260928T20311200184,C010,VOD,SELL,470,286.81,551.98,USD,2026-09-28T20:31:12.379271+00:00,20260928T203112,2026-09-28 13:28:14.155000,Amal,P010,2026-09-28,internal_ledger/internal_ledger/20260928T203112.csv
T20260928T20311200185,C003,MSFT,SELL,279,466.33,156.61,USD,2026-09-28T20:31:12.379271+00:00,20260928T203112,2026-09-28 13:28:14.155000,Sara,P002,2026-09-28,internal_ledger/internal_ledger/20260928T203112.csv
T20260928T20311200186,C019,VOD,SELL,436,316.53,594.44,USD,2026-09-28T20:31:12.379271+00:00,20260928T203112,2026-09-28 13:28:14.155000,Majed,P008,2026-09-28,internal_ledger/internal_ledger/20260928T203112.csv
T20260928T20311200187,C011,GOOGL,BUY,70,463.83,309.11,USD,2026-09-28T20:31:12.379271+00:00,20260928T203112,2026-09-28 13:28:14.155000,Reem,P002,2026-09-28,internal_ledger/internal_ledger/20260928T203112.csv
T20260928T20311200188,C009,VOD,BUY,304,448.43,289.83,USD,2026-09-28T20:31:12.379271+00:00,20260928T203112,2026-09-28 13:28:14.155000,Rana,P001,2026-09-28,internal_ledger/internal_ledger/20260928T203112.csv
T20260928T20311200189,C003,VOD,SELL,444,415.82,245.17,USD,2026-09-28T20:31:12.379271+00:00,20260928T203112,2026-09-28 13:28:14.155000,Sara,P005,2026-09-28,internal_ledger/internal_ledger/20260928T203112.csv
T20260928T20311200190,C010,XAU,BUY,307,318.02,618.71,USD,2026-09-28T20:31:12.379271+00:00,20260928T203112,2026-09-28 13:28:14.155000,Amal,P005,2026-09-28,internal_ledger/internal_ledger/20260928T203112.csv
T20260928T20311200191,C003,XAU,SELL,31,186.32,568.0,USD,2026-09-28T20:31:12.379271+00:00,20260928T203112,2026-09-28 13:28:14.155000,Sara,P004,2026-09-28,internal_ledger/internal_ledger/20260928T203112.csv
T20260928T20311200192,C019,IBM,BUY,221,239.5,117.61,USD,2026-09-28T20:31:12.379271+00:00,20260928T203112,2026-09-28 13:28:14.155000,Majed,P001,2026-09-28,internal_ledger/internal_ledger/20260928T203112.csv
T20260928T20311200193,C001,SAP,BUY,313,88.45,580.17,USD,2026-09-28T20:31:12.379271+00:00,20260928T203112,2026-09-28 13:28:14.155000,Khalid,P009,2026-09-28,internal_ledger/internal_ledger/20260928T203112.csv
T20260928T20311200194,C017,XPT,SELL,434,455.35,576.47,USD,2026-09-28T20:31:12.379271+00:00,20260928T203112,2026-09-28 13:28:14.155000,Turki,P008,2026-09-28,internal_ledger/internal_ledger/20260928T203112.csv
T20260928T20311200195,C014,GOOGL,BUY,40,440.59,351.59,USD,2026-09-28T20:31:12.379271+00:00,20260928T203112,2026-09-28 13:28:14.155000,Lama,P003,2026-09-28,internal_ledger/internal_ledger/20260928T203112.csv
T20260928T20311200196,C014,MSFT,SELL,312,113.44,197.77,USD,2026-09-28T20:31:12.379271+00:00,20260928T203112,2026-09-28 13:28:14.155000,Lama,P009,2026-09-28,internal_ledger/internal_ledger/20260928T203112.csv
T20260928T20311200197,C009,IBM,SELL,405,394.38,267.14,USD,2026-09-28T20:31:12.379271+00:00,20260928T203112,2026-09-28 13:28:14.155000,Rana,P006,2026-09-28,internal_ledger/internal_ledger/20260928T203112.csv
T20260928T20311200198,C017,IBM,SELL,462,266.22,84.68,USD,2026-09-28T20:31:12.379271+00:00,20260928T203112,2026-09-28 13:28:14.155000,Turki,P010,2026-09-28,internal_ledger/internal_ledger/20260928T203112.csv
T20260928T20311200199,C009,MSFT,SELL,53,227.98,17.89,USD,2026-09-28T20:31:12.379271+00:00,20260928T203112,2026-09-28 13:28:14.155000,Rana,P007,2026-09-28,internal_ledger/internal_ledger/20260928T203112.csv
T20260928T20311200200,C016,GOOGL,BUY,483,478.17,266.84,USD,2026-09-28T20:31:12.379271+00:00,20260928T203112,2026-09-28 13:28:14.155000,Noura,P006,2026-09-28,internal_ledger/internal_ledger/20260928T203112.csv
T20260928T20311200201,C002,IBM,SELL,459,472.26,367.96,USD,2026-09-28T20:31:12.379271+00:00,20260928T203112,2026-09-28 13:28:14.155000,Saad,P010,2026-09-28,internal_ledger/internal_ledger/20260928T203112.csv
T20260928T20311200202,C012,VOD,SELL,48,200.98,173.71,USD,2026-09-28T20:31:12.379271+00:00,20260928T203112,2026-09-28 13:28:14.155000,Abdullah,P004,2026-09-28,internal_ledger/internal_ledger/20260928T203112.csv
T20260928T20311200203,C010,SAP,BUY,422,479.02,369.05,USD,2026-09-28T20:31:12.379271+00:00,20260928T203112,2026-09-28 13:28:14.155000,Amal,P005,2026-09-28,internal_ledger/internal_ledger/20260928T203112.csv
T20260928T20311200204,C018,GOOGL,BUY,142,151.76,614.47,USD,2026-09-28T20:31:12.379271+00:00,20260928T203112,2026-09-28 13:28:14.155000,Dana,P010,2026-09-28,internal_ledger/internal_ledger/20260928T203112.csv
T20260928T20311200205,C018,SAP,BUY,189,488.12,542.52,USD,2026-09-28T20:31:12.379271+00:00,20260928T203112,2026-09-28 13:28:14.155000,Dana,P003,2026-09-28,internal_ledger/internal_ledger/20260928T203112.csv
T20260928T20311200206,C013,VOD,BUY,13,109.43,411.07,USD,2026-09-28T20:31:12.379271+00:00,20260928T203112,2026-09-28 13:28:14.155000,Fahad,P009,2026-09-28,internal_ledger/internal_ledger/20260928T203112.csv
T20260928T20311200207,C001,VOD,BUY,43,405.01,408.88,USD,2026-09-28T20:31:12.379271+00:00,20260928T203112,2026-09-28 13:28:14.155000,Khalid,P002,2026-09-28,internal_ledger/internal_ledger/20260928T203112.csv
T20260928T20311200208,C015,XAG,BUY,64,306.14,495.36,USD,2026-09-28T20:31:12.379271+00:00,20260928T203112,2026-09-28 13:28:14.155000,Yousef,P009,2026-09-28,internal_ledger/internal_ledger/20260928T203112.csv
T20260928T20311200209,C015,XAG,SELL,137,184.95,336.84,USD,2026-09-28T20:31:12.379271+00:00,20260928T203112,2026-09-28 13:28:14.155000,Yousef,P003,2026-09-28,internal_ledger/internal_ledger/20260928T203112.csv
T20260928T20311200210,C004,MSFT,SELL,57,94.65,122.75,USD,2026-09-28T20:31:12.379271+00:00,20260928T203112,2026-09-28 13:28:14.155000,Omar,P010,2026-09-28,internal_ledger/internal_ledger/20260928T203112.csv
T20260928T20311200211,C003,SAP,BUY,415,113.41,210.32,USD,2026-09-28T20:31:12.379271+00:00,20260928T203112,2026-09-28 13:28:14.155000,Sara,P007,2026-09-28,internal_ledger/internal_ledger/20260928T203112.csv
T20260928T20311200212,C013,SAP,SELL,296,472.22,474.03,USD,2026-09-28T20:31:12.379271+00:00,20260928T203112,2026-09-28 13:28:14.155000,Fahad,P010,2026-09-28,internal_ledger/internal_ledger/20260928T203112.csv
T20260928T20311200213,C014,SAP,SELL,288,239.35,431.99,USD,2026-09-28T20:31:12.379271+00:00,20260928T203112,2026-09-28 13:28:14.155000,Lama,P007,2026-09-28,internal_ledger/internal_ledger/20260928T203112.csv
T20260928T20311200214,C007,MSFT,SELL,212,95.28,358.32,USD,2026-09-28T20:31:12.379271+00:00,20260928T203112,2026-09-28 13:28:14.155000,Faisal,P004,2026-09-28,internal_ledger/internal_ledger/20260928T203112.csv
T20260928T20311200215,C020,MSFT,SELL,226,387.5,422.61,USD,2026-09-28T20:31:12.379271+00:00,20260928T203112,2026-09-28 13:28:14.155000,Hind,P002,2026-09-28,internal_ledger/internal_ledger/20260928T203112.csv
T20260928T20311200216,C008,VOD,SELL,461,176.6,556.72,USD,2026-09-28T20:31:12.379271+00:00,20260928T203112,2026-09-28 13:28:14.155000,Maha,P007,2026-09-28,internal_ledger/internal_ledger/20260928T203112.csv
T20260928T20311200217,C004,IBM,BUY,453,480.83,591.75,USD,2026-09-28T20:31:12.379271+00:00,20260928T203112,2026-09-28 13:28:14.155000,Omar,P006,2026-09-28,internal_ledger/internal_ledger/20260928T203112.csv
T20260928T20311200218,C007,IBM,BUY,26,337.21,607.46,USD,2026-09-28T20:31:12.379271+00:00,20260928T203112,2026-09-28 13:28:14.155000,Faisal,P004,2026-09-28,internal_ledger/internal_ledger/20260928T203112.csv
T20260928T20311200219,C002,VOD,BUY,309,256.52,335.7,USD,2026-09-28T20:31:12.379271+00:00,20260928T203112,2026-09-28 13:28:14.155000,Saad,P001,2026-09-28,internal_ledger/internal_ledger/20260928T203112.csv
T20260928T20311200220,C008,SAP,BUY,134,210.59,525.97,USD,2026-09-28T20:31:12.379271+00:00,20260928T203112,2026-09-28 13:28:14.155000,Maha,P010,2026-09-28,internal_ledger/internal_ledger/20260928T203112.csv
T20260928T20311200221,C002,MSFT,SELL,13,157.46,312.39,USD,2026-09-28T20:31:12.379271+00:00,20260928T203112,2026-09-28 13:28:14.155000,Saad,P005,2026-09-28,internal_ledger/internal_ledger/20260928T203112.csv
T20260928T20311200222,C016,VOD,SELL,81,137.95,408.2,USD,2026-09-28T20:31:12.379271+00:00,20260928T203112,2026-09-28 13:28:14.155000,Noura,P008,2026-09-28,internal_ledger/internal_ledger/20260928T203112.csv
T20260928T20311200223,C010,SAP,BUY,170,211.69,339.08,USD,2026-09-28T20:31:12.379271+00:00,20260928T203112,2026-09-28 13:28:14.155000,Amal,P010,2026-09-28,internal_ledger/internal_ledger/20260928T203112.csv
T20260928T20311200224,C010,XPT,SELL,209,454.66,569.37,USD,2026-09-28T20:31:12.379271+00:00,20260928T203112,2026-09-28 13:28:14.155000,Amal,P005,2026-09-28,internal_ledger/internal_ledger/20260928T203112.csv
T20260928T20311200225,C014,GOOGL,SELL,19,439.56,435.59,USD,2026-09-28T20:31:12.379271+00:00,20260928T203112,2026-09-28 13:28:14.155000,Lama,P004,2026-09-28,internal_ledger/internal_ledger/20260928T203112.csv
T20260928T20311200226,C016,XPT,SELL,466,205.47,217.66,USD,2026-09-28T20:31:12.379271+00:00,20260928T203112,2026-09-28 13:28:14.155000,Noura,P007,2026-09-28,internal_ledger/internal_ledger/20260928T203112.csv
T20260928T20311200227,C004,XAU,SELL,409,217.79,235.35,USD,2026-09-28T20:31:12.379271+00:00,20260928T203112,2026-09-28 13:28:14.155000,Omar,P003,2026-09-28,internal_ledger/internal_ledger/20260928T203112.csv
T20260928T20311200228,C001,GOOGL,BUY,276,254.57,80.31,USD,2026-09-28T20:31:12.379271+00:00,20260928T203112,2026-09-28 13:28:14.155000,Khalid,P007,2026-09-28,internal_ledger/internal_ledger/20260928T203112.csv
T20260928T20311200229,C014,XAG,BUY,193,465.05,219.4,USD,2026-09-28T20:31:12.379271+00:00,20260928T203112,2026-09-28 13:28:14.155000,Lama,P001,2026-09-28,internal_ledger/internal_ledger/20260928T203112.csv
T20260928T20311200230,C003,MSFT,SELL,95,388.04,145.03,USD,2026-09-28T20:31:12.379271+00:00,20260928T203112,2026-09-28 13:28:14.155000,Sara,P006,2026-09-28,internal_ledger/internal_ledger/20260928T203112.csv
T20260928T20311200231,C015,SAP,SELL,224,459.51,583.89,USD,2026-09-28T20:31:12.379271+00:00,20260928T203112,2026-09-28 13:28:14.155000,Yousef,P002,2026-09-28,internal_ledger/internal_ledger/20260928T203112.csv
T20260928T20311200232,C020,MSFT,BUY,319,480.85,339.87,USD,2026-09-28T20:31:12.379271+00:00,20260928T203112,2026-09-28 13:28:14.155000,Hind,P003,2026-09-28,internal_ledger/internal_ledger/20260928T203112.csv
T20260928T20311200233,C012,XPT,SELL,408,307.91,262.94,USD,2026-09-28T20:31:12.379271+00:00,20260928T203112,2026-09-28 13:28:14.155000,Abdullah,P007,2026-09-28,internal_ledger/internal_ledger/20260928T203112.csv
T20260928T20311200234,C006,XAG,BUY,118,476.22,597.45,USD,2026-09-28T20:31:12.379271+00:00,20260928T203112,2026-09-28 13:28:14.155000,Aisha,P007,2026-09-28,internal_ledger/internal_ledger/20260928T203112.csv
T20260928T20311200235,C008,VOD,SELL,90,254.05,512.66,USD,2026-09-28T20:31:12.379271+00:00,20260928T203112,2026-09-28 13:28:14.155000,Maha,P001,2026-09-28,internal_ledger/internal_ledger/20260928T203112.csv
T20260928T20311200236,C005,XAU,SELL,220,428.73,118.39,USD,2026-09-28T20:31:12.379271+00:00,20260928T203112,2026-09-28 13:28:14.155000,Huda,P008,2026-09-28,internal_ledger/internal_ledger/20260928T203112.csv
T20260928T20311200237,C016,MSFT,SELL,186,104.08,67.68,USD,2026-09-28T20:31:12.379271+00:00,20260928T203112,2026-09-28 13:28:14.155000,Noura,P010,2026-09-28,internal_ledger/internal_ledger/20260928T203112.csv
T20260928T20311200238,C017,XPT,BUY,223,203.2,351.17,USD,2026-09-28T20:31:12.379271+00:00,20260928T203112,2026-09-28 13:28:14.155000,Turki,P007,2026-09-28,internal_ledger/internal_ledger/20260928T203112.csv
T20260928T20311200239,C012,VOD,BUY,50,295.45,214.76,USD,2026-09-28T20:31:12.379271+00:00,20260928T203112,2026-09-28 13:28:14.155000,Abdullah,P009,2026-09-28,internal_ledger/internal_ledger/20260928T203112.csv
T20260928T20311200240,C012,XAU,BUY,333,242.86,585.79,USD,2026-09-28T20:31:12.379271+00:00,20260928T203112,2026-09-28 13:28:14.155000,Abdullah,P008,2026-09-28,internal_ledger/internal_ledger/20260928T203112.csv
T20260928T20311200241,C016,XPT,SELL,78,422.98,524.43,USD,2026-09-28T20:31:12.379271+00:00,20260928T203112,2026-09-28 13:28:14.155000,Noura,P007,2026-09-28,internal_ledger/internal_ledger/20260928T203112.csv
T20260928T20311200242,C017,VOD,SELL,354,266.31,313.04,USD,2026-09-28T20:31:12.379271+00:00,20260928T203112,2026-09-28 13:28:14.155000,Turki,P007,2026-09-28,internal_ledger/internal_ledger/20260928T203112.csv
T20260928T20311200243,C019,SAP,SELL,80,326.85,443.85,USD,2026-09-28T20:31:12.379271+00:00,20260928T203112,2026-09-28 13:28:14.155000,Majed,P004,2026-09-28,internal_ledger/internal_ledger/20260928T203112.csv
T20260928T20311200244,C016,XAU,SELL,172,475.75,403.02,USD,2026-09-28T20:31:12.379271+00:00,20260928T203112,2026-09-28 13:28:14.155000,Noura,P002,2026-09-28,internal_ledger/internal_ledger/20260928T203112.csv
T20260928T20311200245,C012,XAG,SELL,271,81.7,507.57,USD,2026-09-28T20:31:12.379271+00:00,20260928T203112,2026-09-28 13:28:14.155000,Abdullah,P002,2026-09-28,internal_ledger/internal_ledger/20260928T203112.csv
T20260928T20311200246,C004,SAP,SELL,439,265.61,278.6,USD,2026-09-28T20:31:12.379271+00:00,20260928T203112,2026-09-28 13:28:14.155000,Omar,P009,2026-09-28,internal_ledger/internal_ledger/20260928T203112.csv
T20260928T20311200247,C020,XPT,BUY,483,308.14,383.2,USD,2026-09-28T20:31:12.379271+00:00,20260928T203112,2026-09-28 13:28:14.155000,Hind,P004,2026-09-28,internal_ledger/internal_ledger/20260928T203112.csv
T20260928T20311200248,C015,XAG,BUY,69,464.03,385.07,USD,2026-09-28T20:31:12.379271+00:00,20260928T203112,2026-09-28 13:28:14.155000,Yousef,P006,2026-09-28,internal_ledger/internal_ledger/20260928T203112.csv
T20260928T20311200249,C003,XAU,SELL,376,473.25,249.83,USD,2026-09-28T20:31:12.379271+00:00,20260928T203112,2026-09-28 13:28:14.155000,Sara,P010,2026-09-28,internal_ledger/internal_ledger/20260928T203112.csv
T20260928T20311200250,C013,IBM,BUY,404,83.29,134.89,USD,2026-09-28T20:31:12.379271+00:00,20260928T203112,2026-09-28 13:28:14.155000,Fahad,P006,2026-09-28,internal_ledger/internal_ledger/20260928T203112.csv
T20260928T20311200251,C019,MSFT,SELL,394,287.21,81.48,USD,2026-09-28T20:31:12.379271+00:00,20260928T203112,2026-09-28 13:28:14.155000,Majed,P001,2026-09-28,internal_ledger/internal_ledger/20260928T203112.csv
T20260928T20311200252,C010,XAU,SELL,128,436.62,330.73,USD,2026-09-28T20:31:12.379271+00:00,20260928T203112,2026-09-28 13:28:14.155000,Amal,P001,2026-09-28,internal_ledger/internal_ledger/20260928T203112.csv
T20260928T20311200253,C002,MSFT,SELL,468,247.38,158.7,USD,2026-09-28T20:31:12.379271+00:00,20260928T203112,2026-09-28 13:28:14.155000,Saad,P001,2026-09-28,internal_ledger/internal_ledger/20260928T203112.csv
T20260928T20311200254,C016,IBM,BUY,255,137.49,70.36,USD,2026-09-28T20:31:12.379271+00:00,20260928T203112,2026-09-28 13:28:14.155000,Noura,P009,2026-09-28,internal_ledger/internal_ledger/20260928T203112.csv
T20260928T20311200255,C008,XAG,BUY,297,180.95,550.78,USD,2026-09-28T20:31:12.379271+00:00,20260928T203112,2026-09-28 13:28:14.155000,Maha,P005,2026-09-28,internal_ledger/internal_ledger/20260928T203112.csv
T20260928T20311200256,C016,GOOGL,BUY,258,407.92,548.49,USD,2026-09-28T20:31:12.379271+00:00,20260928T203112,2026-09-28 13:28:14.155000,Noura,P005,2026-09-28,internal_ledger/internal_ledger/20260928T203112.csv
T20260928T20311200257,C015,IBM,SELL,77,117.28,167.43,USD,2026-09-28T20:31:12.379271+00:00,20260928T203112,2026-09-28 13:28:14.155000,Yousef,P008,2026-09-28,internal_ledger/internal_ledger/20260928T203112.csv
T20260928T20311200258,C006,MSFT,SELL,34,237.64,587.61,USD,2026-09-28T20:31:12.379271+00:00,20260928T203112,2026-09-28 13:28:14.155000,Aisha,P002,2026-09-28,internal_ledger/internal_ledger/20260928T203112.csv
T20260928T20311200259,C002,VOD,SELL,353,182.72,395.86,USD,2026-09-28T20:31:12.379271+00:00,20260928T203112,2026-09-28 13:28:14.155000,Saad,P002,2026-09-28,internal_ledger/internal_ledger/20260928T203112.csv
T20260928T20311200260,C004,VOD,SELL,296,362.04,364.33,USD,2026-09-28T20:31:12.379271+00:00,20260928T203112,2026-09-28 13:28:14.155000,Omar,P007,2026-09-28,internal_ledger/internal_ledger/20260928T203112.csv
T20260928T20311200261,C020,SAP,SELL,244,461.66,372.64,USD,2026-09-28T20:31:12.379271+00:00,20260928T203112,2026-09-28 13:28:14.155000,Hind,P005,2026-09-28,internal_ledger/internal_ledger/20260928T203112.csv
T20260928T20311200262,C001,IBM,BUY,274,489.24,595.78,USD,2026-09-28T20:31:12.379271+00:00,20260928T203112,2026-09-28 13:28:14.155000,Khalid,P004,2026-09-28,internal_ledger/internal_ledger/20260928T203112.csv
T20260928T20311200263,C001,XAU,SELL,104,135.94,573.54,USD,2026-09-28T20:31:12.379271+00:00,20260928T203112,2026-09-28 13:28:14.155000,Khalid,P008,2026-09-28,internal_ledger/internal_ledger/20260928T203112.csv
T20260928T20311200264,C002,XAG,SELL,230,67.02,11.8,USD,2026-09-28T20:31:12.379271+00:00,20260928T203112,2026-09-28 13:28:14.155000,Saad,P009,2026-09-28,internal_ledger/internal_ledger/20260928T203112.csv
T20260928T20311200265,C009,XAG,SELL,306,369.4,335.78,USD,2026-09-28T20:31:12.379271+00:00,20260928T203112,2026-09-28 13:28:14.155000,Rana,P001,2026-09-28,internal_ledger/internal_ledger/20260928T203112.csv
T20260928T20311200266,C019,MSFT,BUY,74,363.44,491.43,USD,2026-09-28T20:31:12.379271+00:00,20260928T203112,2026-09-28 13:28:14.155000,Majed,P008,2026-09-28,internal_ledger/internal_ledger/20260928T203112.csv
T20260928T20311200267,C010,VOD,BUY,349,299.93,20.55,USD,2026-09-28T20:31:12.379271+00:00,20260928T203112,2026-09-28 13:28:14.155000,Amal,P008,2026-09-28,internal_ledger/internal_ledger/20260928T203112.csv
T20260928T20311200268,C018,GOOGL,BUY,33,423.7,405.99,USD,2026-09-28T20:31:12.379271+00:00,20260928T203112,2026-09-28 13:28:14.155000,Dana,P008,2026-09-28,internal_ledger/internal_ledger/20260928T203112.csv
T20260928T20311200269,C001,VOD,BUY,376,434.05,526.53,USD,2026-09-28T20:31:12.379271+00:00,20260928T203112,2026-09-28 13:28:14.155000,Khalid,P002,2026-09-28,internal_ledger/internal_ledger/20260928T203112.csv
T20260928T20311200270,C018,VOD,BUY,289,388.13,109.56,USD,2026-09-28T20:31:12.379271+00:00,20260928T203112,2026-09-28 13:28:14.155000,Dana,P004,2026-09-28,internal_ledger/internal_ledger/20260928T203112.csv
T20260928T20311200271,C012,VOD,BUY,391,157.64,251.83,USD,2026-09-28T20:31:12.379271+00:00,20260928T203112,2026-09-28 13:28:14.155000,Abdullah,P006,2026-09-28,internal_ledger/internal_ledger/20260928T203112.csv
T20260928T20311200272,C011,SAP,BUY,270,411.16,629.89,USD,2026-09-28T20:31:12.379271+00:00,20260928T203112,2026-09-28 13:28:14.155000,Reem,P010,2026-09-28,internal_ledger/internal_ledger/20260928T203112.csv
T20260928T20311200273,C014,SAP,SELL,171,187.36,505.31,USD,2026-09-28T20:31:12.379271+00:00,20260928T203112,2026-09-28 13:28:14.155000,Lama,P003,2026-09-28,internal_ledger/internal_ledger/20260928T203112.csv
T20260928T20311200274,C002,SAP,SELL,174,99.34,556.23,USD,2026-09-28T20:31:12.379271+00:00,20260928T203112,2026-09-28 13:28:14.155000,Saad,P007,2026-09-28,internal_ledger/internal_ledger/20260928T203112.csv
T20260928T20311200275,C015,XAG,BUY,92,102.98,516.71,USD,2026-09-28T20:31:12.379271+00:00,20260928T203112,2026-09-28 13:28:14.155000,Yousef,P006,2026-09-28,internal_ledger/internal_ledger/20260928T203112.csv
T20260928T20311200276,C019,GOOGL,BUY,286,115.17,62.99,USD,2026-09-28T20:31:12.379271+00:00,20260928T203112,2026-09-28 13:28:14.155000,Majed,P008,2026-09-28,internal_ledger/internal_ledger/20260928T203112.csv
T20260928T20311200277,C010,XPT,BUY,365,478.45,176.63,USD,2026-09-28T20:31:12.379271+00:00,20260928T203112,2026-09-28 13:28:14.155000,Amal,P004,2026-09-28,internal_ledger/internal_ledger/20260928T203112.csv
T20260928T20311200278,C005,VOD,BUY,19,476.46,187.09,USD,2026-09-28T20:31:12.379271+00:00,20260928T203112,2026-09-28 13:28:14.155000,Huda,P009,2026-09-28,internal_ledger/internal_ledger/20260928T203112.csv
T20260928T20311200279,C007,GOOGL,SELL,126,281.61,129.11,USD,2026-09-28T20:31:12.379271+00:00,20260928T203112,2026-09-28 13:28:14.155000,Faisal,P008,2026-09-28,internal_ledger/internal_ledger/20260928T203112.csv
T20260928T20311200280,C010,SAP,SELL,124,190.68,604.61,USD,2026-09-28T20:31:12.379271+00:00,20260928T203112,2026-09-28 13:28:14.155000,Amal,P007,2026-09-28,internal_ledger/internal_ledger/20260928T203112.csv
T20260928T20311200281,C005,VOD,BUY,182,261.35,238.13,USD,2026-09-28T20:31:12.379271+00:00,20260928T203112,2026-09-28 13:28:14.155000,Huda,P010,2026-09-28,internal_ledger/internal_ledger/20260928T203112.csv
T20260928T20311200282,C018,MSFT,SELL,87,332.37,530.76,USD,2026-09-28T20:31:12.379271+00:00,20260928T203112,2026-09-28 13:28:14.155000,Dana,P004,2026-09-28,internal_ledger/internal_ledger/20260928T203112.csv
T20260928T20311200283,C016,GOOGL,SELL,481,423.26,585.06,USD,2026-09-28T20:31:12.379271+00:00,20260928T203112,2026-09-28 13:28:14.155000,Noura,P003,2026-09-28,internal_ledger/internal_ledger/20260928T203112.csv
T20260928T20311200284,C004,IBM,SELL,478,129.75,126.68,USD,2026-09-28T20:31:12.379271+00:00,20260928T203112,2026-09-28 13:28:14.155000,Omar,P004,2026-09-28,internal_ledger/internal_ledger/20260928T203112.csv
T20260928T20311200285,C010,XAG,SELL,14,95.04,265.2,USD,2026-09-28T20:31:12.379271+00:00,20260928T203112,2026-09-28 13:28:14.155000,Amal,P010,2026-09-28,internal_ledger/internal_ledger/20260928T203112.csv
T20260928T20311200286,C008,XAU,SELL,352,249.2,325.83,USD,2026-09-28T20:31:12.379271+00:00,20260928T203112,2026-09-28 13:28:14.155000,Maha,P004,2026-09-28,internal_ledger/internal_ledger/20260928T203112.csv
T20260928T20311200287,C006,GOOGL,SELL,119,215.42,185.91,USD,2026-09-28T20:31:12.379271+00:00,20260928T203112,2026-09-28 13:28:14.155000,Aisha,P004,2026-09-28,internal_ledger/internal_ledger/20260928T203112.csv
T20260928T20311200288,C017,XAG,SELL,182,152.34,306.82,USD,2026-09-28T20:31:12.379271+00:00,20260928T203112,2026-09-28 13:28:14.155000,Turki,P010,2026-09-28,internal_ledger/internal_ledger/20260928T203112.csv
T20260928T20311200289,C016,VOD,BUY,270,187.06,501.19,USD,2026-09-28T20:31:12.379271+00:00,20260928T203112,2026-09-28 13:28:14.155000,Noura,P002,2026-09-28,internal_ledger/internal_ledger/20260928T203112.csv
T20260928T20311200290,C005,XPT,SELL,257,233.55,320.21,USD,2026-09-28T20:31:12.379271+00:00,20260928T203112,2026-09-28 13:28:14.155000,Huda,P003,2026-09-28,internal_ledger/internal_ledger/20260928T203112.csv
T20260928T20311200291,C005,XAU,BUY,299,483.52,71.78,USD,2026-09-28T20:31:12.379271+00:00,20260928T203112,2026-09-28 13:28:14.155000,Huda,P004,2026-09-28,internal_ledger/internal_ledger/20260928T203112.csv
T20260928T20311200292,C005,XAG,SELL,367,440.86,39.74,USD,2026-09-28T20:31:12.379271+00:00,20260928T203112,2026-09-28 13:28:14.155000,Huda,P008,2026-09-28,internal_ledger/internal_ledger/20260928T203112.csv
T20260928T20311200293,C013,IBM,SELL,474,469.14,111.87,USD,2026-09-28T20:31:12.379271+00:00,20260928T203112,2026-09-28 13:28:14.155000,Fahad,P007,2026-09-28,internal_ledger/internal_ledger/20260928T203112.csv
T20260928T20311200294,C014,SAP,SELL,10,368.9,546.97,USD,2026-09-28T20:31:12.379271+00:00,20260928T203112,2026-09-28 13:28:14.155000,Lama,P001,2026-09-28,internal_ledger/internal_ledger/20260928T203112.csv
T20260928T20311200295,C007,SAP,SELL,85,331.1,67.82,USD,2026-09-28T20:31:12.379271+00:00,20260928T203112,2026-09-28 13:28:14.155000,Faisal,P005,2026-09-28,internal_ledger/internal_ledger/20260928T203112.csv
T20260928T20311200296,C020,GOOGL,SELL,378,135.29,556.12,USD,2026-09-28T20:31:12.379271+00:00,20260928T203112,2026-09-28 13:28:14.155000,Hind,P009,2026-09-28,internal_ledger/internal_ledger/20260928T203112.csv
T20260928T20311200297,C010,GOOGL,SELL,475,469.23,219.0,USD,2026-09-28T20:31:12.379271+00:00,20260928T203112,2026-09-28 13:28:14.155000,Amal,P007,2026-09-28,internal_ledger/internal_ledger/20260928T203112.csv
T20260928T20311200298,C009,SAP,BUY,170,100.18,235.1,USD,2026-09-28T20:31:12.379271+00:00,20260928T203112,2026-09-28 13:28:14.155000,Rana,P010,2026-09-28,internal_ledger/internal_ledger/20260928T203112.csv
T20260928T20311200299,C019,XAG,SELL,379,238.47,371.54,USD,2026-09-28T20:31:12.379271+00:00,20260928T203112,2026-09-28 13:28:14.155000,Majed,P009,2026-09-28,internal_ledger/internal_ledger/20260928T203112.csv
T20260928T20311200300,C005,SAP,BUY,86,430.61,149.71,USD,2026-09-28T20:31:12.379271+00:00,20260928T203112,2026-09-28 13:28:14.155000,Huda,P006,2026-09-28,internal_ledger/internal_ledger/20260928T203112.csv
T20260928T20311200301,C003,XAG,BUY,133,269.98,158.14,USD,2026-09-28T20:31:12.379271+00:00,20260928T203112,2026-09-28 13:28:14.155000,Sara,P003,2026-09-28,internal_ledger/internal_ledger/20260928T203112.csv
T20260928T20311200302,C013,GOOGL,SELL,307,287.33,332.67,USD,2026-09-28T20:31:12.379271+00:00,20260928T203112,2026-09-28 13:28:14.155000,Fahad,P008,2026-09-28,internal_ledger/internal_ledger/20260928T203112.csv
T20260928T20311200303,C016,IBM,BUY,146,485.26,75.79,USD,2026-09-28T20:31:12.379271+00:00,20260928T203112,2026-09-28 13:28:14.155000,Noura,P009,2026-09-28,internal_ledger/internal_ledger/20260928T203112.csv
T20260928T20311200304,C009,SAP,SELL,11,118.29,341.34,USD,2026-09-28T20:31:12.379271+00:00,20260928T203112,2026-09-28 13:28:14.155000,Rana,P007,2026-09-28,internal_ledger/internal_ledger/20260928T203112.csv
T20260928T20311200305,C012,XPT,BUY,54,214.34,322.42,USD,2026-09-28T20:31:12.379271+00:00,20260928T203112,2026-09-28 13:28:14.155000,Abdullah,P002,2026-09-28,internal_ledger/internal_ledger/20260928T203112.csv
T20260928T20311200306,C012,MSFT,BUY,396,477.84,309.63,USD,2026-09-28T20:31:12.379271+00:00,20260928T203112,2026-09-28 13:28:14.155000,Abdullah,P004,2026-09-28,internal_ledger/internal_ledger/20260928T203112.csv
T20260928T20311200307,C019,MSFT,SELL,212,216.55,69.51,USD,2026-09-28T20:31:12.379271+00:00,20260928T203112,2026-09-28 13:28:14.155000,Majed,P001,2026-09-28,internal_ledger/internal_ledger/20260928T203112.csv
T20260928T20311200308,C006,MSFT,SELL,248,275.23,82.68,USD,2026-09-28T20:31:12.379271+00:00,20260928T203112,2026-09-28 13:28:14.155000,Aisha,P003,2026-09-28,internal_ledger/internal_ledger/20260928T203112.csv
T20260928T20311200309,C007,GOOGL,SELL,208,190.92,493.45,USD,2026-09-28T20:31:12.379271+00:00,20260928T203112,2026-09-28 13:28:14.155000,Faisal,P008,2026-09-28,internal_ledger/internal_ledger/20260928T203112.csv
T20260928T20311200310,C013,VOD,SELL,292,480.59,187.7,USD,2026-09-28T20:31:12.379271+00:00,20260928T203112,2026-09-28 13:28:14.155000,Fahad,P001,2026-09-28,internal_ledger/internal_ledger/20260928T203112.csv
T20260928T20311200311,C019,GOOGL,SELL,413,337.94,267.13,USD,2026-09-28T20:31:12.379271+00:00,20260928T203112,2026-09-28 13:28:14.155000,Majed,P005,2026-09-28,internal_ledger/internal_ledger/20260928T203112.csv
T20260928T20311200312,C011,VOD,SELL,361,420.5,80.52,USD,2026-09-28T20:31:12.379271+00:00,20260928T203112,2026-09-28 13:28:14.155000,Reem,P008,2026-09-28,internal_ledger/internal_ledger/20260928T203112.csv
T20260928T20311200313,C018,VOD,BUY,426,369.86,448.84,USD,2026-09-28T20:31:12.379271+00:00,20260928T203112,2026-09-28 13:28:14.155000,Dana,P006,2026-09-28,internal_ledger/internal_ledger/20260928T203112.csv
T20260928T20311200314,C006,XAU,SELL,295,222.76,448.11,USD,2026-09-28T20:31:12.379271+00:00,20260928T203112,2026-09-28 13:28:14.155000,Aisha,P010,2026-09-28,internal_ledger/internal_ledger/20260928T203112.csv
T20260928T20311200315,C007,MSFT,BUY,300,257.56,51.6,USD,2026-09-28T20:31:12.379271+00:00,20260928T203112,2026-09-28 13:28:14.155000,Faisal,P003,2026-09-28,internal_ledger/internal_ledger/20260928T203112.csv
T20260928T20311200316,C015,XAG,SELL,95,392.5,368.09,USD,2026-09-28T20:31:12.379271+00:00,20260928T203112,2026-09-28 13:28:14.155000,Yousef,P003,2026-09-28,internal_ledger/internal_ledger/20260928T203112.csv
T20260928T20311200317,C017,XAU,BUY,279,217.01,384.68,USD,2026-09-28T20:31:12.379271+00:00,20260928T203112,2026-09-28 13:28:14.155000,Turki,P005,2026-09-28,internal_ledger/internal_ledger/20260928T203112.csv
T20260928T20311200318,C011,IBM,BUY,116,289.12,460.8,USD,2026-09-28T20:31:12.379271+00:00,20260928T203112,2026-09-28 13:28:14.155000,Reem,P005,2026-09-28,internal_ledger/internal_ledger/20260928T203112.csv
T20260928T20311200319,C019,SAP,BUY,137,125.59,155.67,USD,2026-09-28T20:31:12.379271+00:00,20260928T203112,2026-09-28 13:28:14.155000,Majed,P001,2026-09-28,internal_ledger/internal_ledger/20260928T203112.csv
T20260928T20311200320,C014,GOOGL,BUY,154,253.2,350.25,USD,2026-09-28T20:31:12.379271+00:00,20260928T203112,2026-09-28 13:28:14.155000,Lama,P004,2026-09-28,internal_ledger/internal_ledger/20260928T203112.csv
T20260928T20311200321,C014,XAU,BUY,463,457.37,240.36,USD,2026-09-28T20:31:12.379271+00:00,20260928T203112,2026-09-28 13:28:14.155000,Lama,P001,2026-09-28,internal_ledger/internal_ledger/20260928T203112.csv
T20260928T20311200322,C009,GOOGL,BUY,357,384.44,224.12,USD,2026-09-28T20:31:12.379271+00:00,20260928T203112,2026-09-28 13:28:14.155000,Rana,P009,2026-09-28,internal_ledger/internal_ledger/20260928T203112.csv
T20260928T20311200323,C008,VOD,SELL,338,325.39,506.71,USD,2026-09-28T20:31:12.379271+00:00,20260928T203112,2026-09-28 13:28:14.155000,Maha,P005,2026-09-28,internal_ledger/internal_ledger/20260928T203112.csv
T20260928T20311200324,C001,XAG,BUY,30,483.67,513.68,USD,2026-09-28T20:31:12.379271+00:00,20260928T203112,2026-09-28 13:28:14.155000,Khalid,P010,2026-09-28,internal_ledger/internal_ledger/20260928T203112.csv
T20260928T20311200325,C002,GOOGL,SELL,351,361.76,434.2,USD,2026-09-28T20:31:12.379271+00:00,20260928T203112,2026-09-28 13:28:14.155000,Saad,P010,2026-09-28,internal_ledger/internal_ledger/20260928T203112.csv
T20260928T20311200326,C015,SAP,SELL,50,181.76,556.01,USD,2026-09-28T20:31:12.379271+00:00,20260928T203112,2026-09-28 13:28:14.155000,Yousef,P004,2026-09-28,internal_ledger/internal_ledger/20260928T203112.csv
T20260928T20311200327,C006,MSFT,SELL,343,335.69,192.54,USD,2026-09-28T20:31:12.379271+00:00,20260928T203112,2026-09-28 13:28:14.155000,Aisha,P004,2026-09-28,internal_ledger/internal_ledger/20260928T203112.csv
T20260928T20311200328,C006,XAG,BUY,258,68.7,567.46,USD,2026-09-28T20:31:12.379271+00:00,20260928T203112,2026-09-28 13:28:14.155000,Aisha,P007,2026-09-28,internal_ledger/internal_ledger/20260928T203112.csv
T20260928T20311200329,C003,XAU,BUY,278,383.23,94.3,USD,2026-09-28T20:31:12.379271+00:00,20260928T203112,2026-09-28 13:28:14.155000,Sara,P004,2026-09-28,internal_ledger/internal_ledger/20260928T203112.csv
T20260928T20311200330,C006,XAU,SELL,217,303.85,96.25,USD,2026-09-28T20:31:12.379271+00:00,20260928T203112,2026-09-28 13:28:14.155000,Aisha,P008,2026-09-28,internal_ledger/internal_ledger/20260928T203112.csv
T20260928T20311200331,C006,XAU,BUY,412,472.97,319.57,USD,2026-09-28T20:31:12.379271+00:00,20260928T203112,2026-09-28 13:28:14.155000,Aisha,P001,2026-09-28,internal_ledger/internal_ledger/20260928T203112.csv
T20260928T20311200332,C009,SAP,SELL,70,290.0,537.23,USD,2026-09-28T20:31:12.379271+00:00,20260928T203112,2026-09-28 13:28:14.155000,Rana,P007,2026-09-28,internal_ledger/internal_ledger/20260928T203112.csv
T20260928T20311200333,C009,GOOGL,BUY,361,159.95,254.49,USD,2026-09-28T20:31:12.379271+00:00,20260928T203112,2026-09-28 13:28:14.155000,Rana,P008,2026-09-28,internal_ledger/internal_ledger/20260928T203112.csv
T20260928T20311200334,C020,IBM,SELL,81,340.24,586.42,USD,2026-09-28T20:31:12.379271+00:00,20260928T203112,2026-09-28 13:28:14.155000,Hind,P008,2026-09-28,internal_ledger/internal_ledger/20260928T203112.csv
T20260928T20311200335,C013,VOD,BUY,187,311.1,143.07,USD,2026-09-28T20:31:12.379271+00:00,20260928T203112,2026-09-28 13:28:14.155000,Fahad,P003,2026-09-28,internal_ledger/internal_ledger/20260928T203112.csv
T20260928T20311200336,C013,VOD,BUY,147,220.8,31.68,USD,2026-09-28T20:31:12.379271+00:00,20260928T203112,2026-09-28 13:28:14.155000,Fahad,P005,2026-09-28,internal_ledger/internal_ledger/20260928T203112.csv
T20260928T20311200337,C004,SAP,SELL,354,440.07,214.33,USD,2026-09-28T20:31:12.379271+00:00,20260928T203112,2026-09-28 13:28:14.155000,Omar,P003,2026-09-28,internal_ledger/internal_ledger/20260928T203112.csv
T20260928T20311200338,C002,SAP,SELL,258,264.75,558.13,USD,2026-09-28T20:31:12.379271+00:00,20260928T203112,2026-09-28 13:28:14.155000,Saad,P002,2026-09-28,internal_ledger/internal_ledger/20260928T203112.csv
T20260928T20311200339,C003,IBM,SELL,216,147.28,117.7,USD,2026-09-28T20:31:12.379271+00:00,20260928T203112,2026-09-28 13:28:14.155000,Sara,P007,2026-09-28,internal_ledger/internal_ledger/20260928T203112.csv
T20260928T20311200340,C017,XAG,SELL,310,443.44,382.83,USD,2026-09-28T20:31:12.379271+00:00,20260928T203112,2026-09-28 13:28:14.155000,Turki,P008,2026-09-28,internal_ledger/internal_ledger/20260928T203112.csv
T20260928T20311200341,C014,IBM,BUY,371,441.74,609.76,USD,2026-09-28T20:31:12.379271+00:00,20260928T203112,2026-09-28 13:28:14.155000,Lama,P006,2026-09-28,internal_ledger/internal_ledger/20260928T203112.csv
T20260928T20311200342,C011,IBM,BUY,32,257.83,217.71,USD,2026-09-28T20:31:12.379271+00:00,20260928T203112,2026-09-28 13:28:14.155000,Reem,P004,2026-09-28,internal_ledger/internal_ledger/20260928T203112.csv
T20260928T20311200343,C008,IBM,SELL,69,269.74,141.98,USD,2026-09-28T20:31:12.379271+00:00,20260928T203112,2026-09-28 13:28:14.155000,Maha,P002,2026-09-28,internal_ledger/internal_ledger/20260928T203112.csv
T20260928T20311200344,C001,GOOGL,BUY,272,290.39,147.64,USD,2026-09-28T20:31:12.379271+00:00,20260928T203112,2026-09-28 13:28:14.155000,Khalid,P003,2026-09-28,internal_ledger/internal_ledger/20260928T203112.csv
T20260928T20311200345,C018,XPT,SELL,120,75.31,606.38,USD,2026-09-28T20:31:12.379271+00:00,20260928T203112,2026-09-28 13:28:14.155000,Dana,P009,2026-09-28,internal_ledger/internal_ledger/20260928T203112.csv
T20260928T20311200346,C010,SAP,BUY,125,389.29,464.82,USD,2026-09-28T20:31:12.379271+00:00,20260928T203112,2026-09-28 13:28:14.155000,Amal,P006,2026-09-28,internal_ledger/internal_ledger/20260928T203112.csv
T20260928T20311200347,C019,IBM,BUY,419,244.15,208.42,USD,2026-09-28T20:31:12.379271+00:00,20260928T203112,2026-09-28 13:28:14.155000,Majed,P009,2026-09-28,internal_ledger/internal_ledger/20260928T203112.csv
T20260928T20311200348,C019,SAP,SELL,414,426.63,259.39,USD,2026-09-28T20:31:12.379271+00:00,20260928T203112,2026-09-28 13:28:14.155000,Majed,P004,2026-09-28,internal_ledger/internal_ledger/20260928T203112.csv
T20260928T20311200349,C007,VOD,BUY,247,330.8,630.41,USD,2026-09-28T20:31:12.379271+00:00,20260928T203112,2026-09-28 13:28:14.155000,Faisal,P002,2026-09-28,internal_ledger/internal_ledger/20260928T203112.csv
T20260928T20311200350,C019,XAU,BUY,274,243.67,592.51,USD,2026-09-28T20:31:12.379271+00:00,20260928T203112,2026-09-28 13:28:14.155000,Majed,P007,2026-09-28,internal_ledger/internal_ledger/20260928T203112.csv
T20260928T20311200351,C020,MSFT,SELL,334,179.55,546.06,USD,2026-09-28T20:31:12.379271+00:00,20260928T203112,2026-09-28 13:28:14.155000,Hind,P001,2026-09-28,internal_ledger/internal_ledger/20260928T203112.csv
T20260928T20311200352,C003,XAU,SELL,222,389.62,564.74,USD,2026-09-28T20:31:12.379271+00:00,20260928T203112,2026-09-28 13:28:14.155000,Sara,P007,2026-09-28,internal_ledger/internal_ledger/20260928T203112.csv
T20260928T20311200353,C011,XAG,SELL,354,372.31,470.98,USD,2026-09-28T20:31:12.379271+00:00,20260928T203112,2026-09-28 13:28:14.155000,Reem,P009,2026-09-28,internal_ledger/internal_ledger/20260928T203112.csv
T20260928T20311200354,C014,XAG,SELL,333,321.1,540.89,USD,2026-09-28T20:31:12.379271+00:00,20260928T203112,2026-09-28 13:28:14.155000,Lama,P007,2026-09-28,internal_ledger/internal_ledger/20260928T203112.csv
T20260928T20311200355,C001,XAG,SELL,158,82.06,335.1,USD,2026-09-28T20:31:12.379271+00:00,20260928T203112,2026-09-28 13:28:14.155000,Khalid,P002,2026-09-28,internal_ledger/internal_ledger/20260928T203112.csv
T20260928T20311200356,C006,SAP,SELL,190,220.62,177.49,USD,2026-09-28T20:31:12.379271+00:00,20260928T203112,2026-09-28 13:28:14.155000,Aisha,P007,2026-09-28,internal_ledger/internal_ledger/20260928T203112.csv
T20260928T20311200357,C002,GOOGL,SELL,153,465.04,560.09,USD,2026-09-28T20:31:12.379271+00:00,20260928T203112,2026-09-28 13:28:14.155000,Saad,P010,2026-09-28,internal_ledger/internal_ledger/20260928T203112.csv
T20260928T20311200358,C008,XPT,SELL,273,66.95,313.66,USD,2026-09-28T20:31:12.379271+00:00,20260928T203112,2026-09-28 13:28:14.155000,Maha,P006,2026-09-28,internal_ledger/internal_ledger/20260928T203112.csv
T20260928T20311200359,C008,VOD,SELL,267,321.66,396.03,USD,2026-09-28T20:31:12.379271+00:00,20260928T203112,2026-09-28 13:28:14.155000,Maha,P001,2026-09-28,internal_ledger/internal_ledger/20260928T203112.csv
T20260928T20311200360,C010,XAG,BUY,97,148.38,606.59,USD,2026-09-28T20:31:12.379271+00:00,20260928T203112,2026-09-28 13:28:14.155000,Amal,P008,2026-09-28,internal_ledger/internal_ledger/20260928T203112.csv
T20260928T20311200361,C011,GOOGL,BUY,305,465.91,161.8,USD,2026-09-28T20:31:12.379271+00:00,20260928T203112,2026-09-28 13:28:14.155000,Reem,P009,2026-09-28,internal_ledger/internal_ledger/20260928T203112.csv
T20260928T20311200362,C016,VOD,SELL,257,234.26,592.73,USD,2026-09-28T20:31:12.379271+00:00,20260928T203112,2026-09-28 13:28:14.155000,Noura,P001,2026-09-28,internal_ledger/internal_ledger/20260928T203112.csv
T20260928T20311200363,C001,GOOGL,BUY,442,234.58,122.84,USD,2026-09-28T20:31:12.379271+00:00,20260928T203112,2026-09-28 13:28:14.155000,Khalid,P003,2026-09-28,internal_ledger/internal_ledger/20260928T203112.csv
T20260928T20311200364,C020,VOD,BUY,337,340.59,73.7,USD,2026-09-28T20:31:12.379271+00:00,20260928T203112,2026-09-28 13:28:14.155000,Hind,P006,2026-09-28,internal_ledger/internal_ledger/20260928T203112.csv
T20260928T20311200365,C020,XAU,BUY,66,459.83,237.87,USD,2026-09-28T20:31:12.379271+00:00,20260928T203112,2026-09-28 13:28:14.155000,Hind,P009,2026-09-28,internal_ledger/internal_ledger/20260928T203112.csv
T20260928T20311200366,C011,GOOGL,BUY,390,75.23,264.46,USD,2026-09-28T20:31:12.379271+00:00,20260928T203112,2026-09-28 13:28:14.155000,Reem,P010,2026-09-28,internal_ledger/internal_ledger/20260928T203112.csv
T20260928T20311200367,C010,VOD,BUY,477,82.4,628.71,USD,2026-09-28T20:31:12.379271+00:00,20260928T203112,2026-09-28 13:28:14.155000,Amal,P002,2026-09-28,internal_ledger/internal_ledger/20260928T203112.csv
T20260928T20311200368,C009,MSFT,SELL,437,110.7,40.31,USD,2026-09-28T20:31:12.379271+00:00,20260928T203112,2026-09-28 13:28:14.155000,Rana,P009,2026-09-28,internal_ledger/internal_ledger/20260928T203112.csv
T20260928T20311200369,C001,XAU,BUY,89,109.93,315.82,USD,2026-09-28T20:31:12.379271+00:00,20260928T203112,2026-09-28 13:28:14.155000,Khalid,P006,2026-09-28,internal_ledger/internal_ledger/20260928T203112.csv
T20260928T20311200370,C007,XPT,BUY,410,426.84,511.17,USD,2026-09-28T20:31:12.379271+00:00,20260928T203112,2026-09-28 13:28:14.155000,Faisal,P004,2026-09-28,internal_ledger/internal_ledger/20260928T203112.csv
T20260928T20311200371,C011,VOD,SELL,114,425.59,281.07,USD,2026-09-28T20:31:12.379271+00:00,20260928T203112,2026-09-28 13:28:14.155000,Reem,P005,2026-09-28,internal_ledger/internal_ledger/20260928T203112.csv
T20260928T20311200372,C006,MSFT,SELL,126,319.01,234.13,USD,2026-09-28T20:31:12.379271+00:00,20260928T203112,2026-09-28 13:28:14.155000,Aisha,P001,2026-09-28,internal_ledger/internal_ledger/20260928T203112.csv
T20260928T20311200373,C002,IBM,BUY,13,454.21,235.88,USD,2026-09-28T20:31:12.379271+00:00,20260928T203112,2026-09-28 13:28:14.155000,Saad,P009,2026-09-28,internal_ledger/internal_ledger/20260928T203112.csv
T20260928T20311200374,C002,GOOGL,SELL,102,147.3,56.09,USD,2026-09-28T20:31:12.379271+00:00,20260928T203112,2026-09-28 13:28:14.155000,Saad,P003,2026-09-28,internal_ledger/internal_ledger/20260928T203112.csv
T20260928T20311200375,C006,VOD,SELL,448,425.55,628.3,USD,2026-09-28T20:31:12.379271+00:00,20260928T203112,2026-09-28 13:28:14.155000,Aisha,P003,2026-09-28,internal_ledger/internal_ledger/20260928T203112.csv
T20260928T20311200376,C004,GOOGL,BUY,190,345.19,138.75,USD,2026-09-28T20:31:12.379271+00:00,20260928T203112,2026-09-28 13:28:14.155000,Omar,P008,2026-09-28,internal_ledger/internal_ledger/20260928T203112.csv
T20260928T20311200377,C019,IBM,BUY,82,375.56,30.09,USD,2026-09-28T20:31:12.379271+00:00,20260928T203112,2026-09-28 13:28:14.155000,Majed,P004,2026-09-28,internal_ledger/internal_ledger/20260928T203112.csv
T20260928T20311200378,C012,MSFT,BUY,449,115.16,274.36,USD,2026-09-28T20:31:12.379271+00:00,20260928T203112,2026-09-28 13:28:14.155000,Abdullah,P005,2026-09-28,internal_ledger/internal_ledger/20260928T203112.csv
T20260928T20311200379,C008,SAP,SELL,370,368.75,79.66,USD,2026-09-28T20:31:12.379271+00:00,20260928T203112,2026-09-28 13:28:14.155000,Maha,P010,2026-09-28,internal_ledger/internal_ledger/20260928T203112.csv
T20260928T20311200380,C006,XPT,SELL,401,168.64,157.4,USD,2026-09-28T20:31:12.379271+00:00,20260928T203112,2026-09-28 13:28:14.155000,Aisha,P008,2026-09-28,internal_ledger/internal_ledger/20260928T203112.csv
T20260928T20311200381,C018,MSFT,SELL,11,353.21,30.16,USD,2026-09-28T20:31:12.379271+00:00,20260928T203112,2026-09-28 13:28:14.155000,Dana,P002,2026-09-28,internal_ledger/internal_ledger/20260928T203112.csv
T20260928T20311200382,C009,XAU,BUY,316,409.04,32.35,USD,2026-09-28T20:31:12.379271+00:00,20260928T203112,2026-09-28 13:28:14.155000,Rana,P003,2026-09-28,internal_ledger/internal_ledger/20260928T203112.csv
T20260928T20311200383,C014,XPT,SELL,470,413.97,506.57,USD,2026-09-28T20:31:12.379271+00:00,20260928T203112,2026-09-28 13:28:14.155000,Lama,P006,2026-09-28,internal_ledger/internal_ledger/20260928T203112.csv
T20260928T20311200384,C015,GOOGL,SELL,396,393.19,228.5,USD,2026-09-28T20:31:12.379271+00:00,20260928T203112,2026-09-28 13:28:14.155000,Yousef,P002,2026-09-28,internal_ledger/internal_ledger/20260928T203112.csv
T20260928T20311200385,C013,SAP,SELL,342,202.43,126.95,USD,2026-09-28T20:31:12.379271+00:00,20260928T203112,2026-09-28 13:28:14.155000,Fahad,P005,2026-09-28,internal_ledger/internal_ledger/20260928T203112.csv
T20260928T20311200386,C001,XAG,SELL,113,136.66,209.62,USD,2026-09-28T20:31:12.379271+00:00,20260928T203112,2026-09-28 13:28:14.155000,Khalid,P005,2026-09-28,internal_ledger/internal_ledger/20260928T203112.csv
T20260928T20311200387,C001,XAG,SELL,315,271.68,493.78,USD,2026-09-28T20:31:12.379271+00:00,20260928T203112,2026-09-28 13:28:14.155000,Khalid,P004,2026-09-28,internal_ledger/internal_ledger/20260928T203112.csv
T20260928T20311200388,C020,MSFT,SELL,366,276.4,171.97,USD,2026-09-28T20:31:12.379271+00:00,20260928T203112,2026-09-28 13:28:14.155000,Hind,P005,2026-09-28,internal_ledger/internal_ledger/20260928T203112.csv
T20260928T20311200389,C001,GOOGL,BUY,293,175.41,93.13,USD,2026-09-28T20:31:12.379271+00:00,20260928T203112,2026-09-28 13:28:14.155000,Khalid,P010,2026-09-28,internal_ledger/internal_ledger/20260928T203112.csv
T20260928T20311200390,C013,XAG,BUY,215,281.45,583.75,USD,2026-09-28T20:31:12.379271+00:00,20260928T203112,2026-09-28 13:28:14.155000,Fahad,P005,2026-09-28,internal_ledger/internal_ledger/20260928T203112.csv
T20260928T20311200391,C011,XPT,BUY,173,124.94,180.09,USD,2026-09-28T20:31:12.379271+00:00,20260928T203112,2026-09-28 13:28:14.155000,Reem,P004,2026-09-28,internal_ledger/internal_ledger/20260928T203112.csv
T20260928T20311200392,C007,IBM,BUY,364,106.97,387.05,USD,2026-09-28T20:31:12.379271+00:00,20260928T203112,2026-09-28 13:28:14.155000,Faisal,P005,2026-09-28,internal_ledger/internal_ledger/20260928T203112.csv
T20260928T20311200393,C004,MSFT,SELL,88,126.44,94.97,USD,2026-09-28T20:31:12.379271+00:00,20260928T203112,2026-09-28 13:28:14.155000,Omar,P010,2026-09-28,internal_ledger/internal_ledger/20260928T203112.csv
T20260928T20311200394,C009,MSFT,BUY,234,266.82,631.81,USD,2026-09-28T20:31:12.379271+00:00,20260928T203112,2026-09-28 13:28:14.155000,Rana,P001,2026-09-28,internal_ledger/internal_ledger/20260928T203112.csv
T20260928T20311200395,C015,MSFT,SELL,352,145.17,66.76,USD,2026-09-28T20:31:12.379271+00:00,20260928T203112,2026-09-28 13:28:14.155000,Yousef,P007,2026-09-28,internal_ledger/internal_ledger/20260928T203112.csv
T20260928T20311200396,C008,SAP,SELL,14,275.8,182.51,USD,2026-09-28T20:31:12.379271+00:00,20260928T203112,2026-09-28 13:28:14.155000,Maha,P006,2026-09-28,internal_ledger/internal_ledger/20260928T203112.csv
T20260928T20311200397,C006,MSFT,BUY,21,418.75,428.5,USD,2026-09-28T20:31:12.379271+00:00,20260928T203112,2026-09-28 13:28:14.155000,Aisha,P008,2026-09-28,internal_ledger/internal_ledger/20260928T203112.csv
T20260928T20311200398,C015,SAP,SELL,425,382.64,553.22,USD,2026-09-28T20:31:12.379271+00:00,20260928T203112,2026-09-28 13:28:14.155000,Yousef,P007,2026-09-28,internal_ledger/internal_ledger/20260928T203112.csv
T20260928T20311200399,C007,SAP,BUY,239,493.48,203.2,USD,2026-09-28T20:31:12.379271+00:00,20260928T203112,2026-09-28 13:28:14.155000,Faisal,P001,2026-09-28,internal_ledger/internal_ledger/20260928T203112.csv
T20260928T20311200400,C013,XAU,BUY,137,230.56,605.77,USD,2026-09-28T20:31:12.379271+00:00,20260928T203112,2026-09-28 13:28:14.155000,Fahad,P004,2026-09-28,internal_ledger/internal_ledger/20260928T203112.csv
T20260928T20311200401,C018,XAG,SELL,167,134.17,249.21,USD,2026-09-28T20:31:12.379271+00:00,20260928T203112,2026-09-28 13:28:14.155000,Dana,P008,2026-09-28,internal_ledger/internal_ledger/20260928T203112.csv
T20260928T20311200402,C012,IBM,SELL,231,292.32,549.34,USD,2026-09-28T20:31:12.379271+00:00,20260928T203112,2026-09-28 13:28:14.155000,Abdullah,P008,2026-09-28,internal_ledger/internal_ledger/20260928T203112.csv
T20260928T20311200403,C012,VOD,SELL,166,261.39,188.9,USD,2026-09-28T20:31:12.379271+00:00,20260928T203112,2026-09-28 13:28:14.155000,Abdullah,P009,2026-09-28,internal_ledger/internal_ledger/20260928T203112.csv
T20260928T20311200404,C020,MSFT,SELL,271,312.06,75.29,USD,2026-09-28T20:31:12.379271+00:00,20260928T203112,2026-09-28 13:28:14.155000,Hind,P008,2026-09-28,internal_ledger/internal_ledger/20260928T203112.csv
T20260928T20311200405,C001,VOD,BUY,442,169.02,615.64,USD,2026-09-28T20:31:12.379271+00:00,20260928T203112,2026-09-28 13:28:14.155000,Khalid,P004,2026-09-28,internal_ledger/internal_ledger/20260928T203112.csv
T20260928T20311200406,C007,XPT,SELL,390,203.28,555.29,USD,2026-09-28T20:31:12.379271+00:00,20260928T203112,2026-09-28 13:28:14.155000,Faisal,P006,2026-09-28,internal_ledger/internal_ledger/20260928T203112.csv
T20260928T20311200407,C020,IBM,BUY,481,212.99,447.95,USD,2026-09-28T20:31:12.379271+00:00,20260928T203112,2026-09-28 13:28:14.155000,Hind,P009,2026-09-28,internal_ledger/internal_ledger/20260928T203112.csv
T20260928T20311200408,C011,MSFT,BUY,391,464.92,391.48,USD,2026-09-28T20:31:12.379271+00:00,20260928T203112,2026-09-28 13:28:14.155000,Reem,P001,2026-09-28,internal_ledger/internal_ledger/20260928T203112.csv
T20260928T20311200409,C017,IBM,BUY,207,405.29,136.3,USD,2026-09-28T20:31:12.379271+00:00,20260928T203112,2026-09-28 13:28:14.155000,Turki,P009,2026-09-28,internal_ledger/internal_ledger/20260928T203112.csv
T20260928T20311200410,C010,XAG,BUY,412,315.75,71.72,USD,2026-09-28T20:31:12.379271+00:00,20260928T203112,2026-09-28 13:28:14.155000,Amal,P010,2026-09-28,internal_ledger/internal_ledger/20260928T203112.csv
T20260928T20311200411,C019,XPT,SELL,377,476.58,27.74,USD,2026-09-28T20:31:12.379271+00:00,20260928T203112,2026-09-28 13:28:14.155000,Majed,P007,2026-09-28,internal_ledger/internal_ledger/20260928T203112.csv
T20260928T20311200412,C004,XAU,BUY,154,240.88,313.13,USD,2026-09-28T20:31:12.379271+00:00,20260928T203112,2026-09-28 13:28:14.155000,Omar,P007,2026-09-28,internal_ledger/internal_ledger/20260928T203112.csv
T20260928T20311200413,C014,VOD,BUY,336,231.85,634.07,USD,2026-09-28T20:31:12.379271+00:00,20260928T203112,2026-09-28 13:28:14.155000,Lama,P006,2026-09-28,internal_ledger/internal_ledger/20260928T203112.csv
T20260928T20311200414,C003,XAU,SELL,31,217.84,509.9,USD,2026-09-28T20:31:12.379271+00:00,20260928T203112,2026-09-28 13:28:14.155000,Sara,P002,2026-09-28,internal_ledger/internal_ledger/20260928T203112.csv
T20260928T20311200415,C004,IBM,SELL,242,71.05,386.95,USD,2026-09-28T20:31:12.379271+00:00,20260928T203112,2026-09-28 13:28:14.155000,Omar,P002,2026-09-28,internal_ledger/internal_ledger/20260928T203112.csv
T20260928T20311200416,C002,XAG,BUY,280,460.96,529.76,USD,2026-09-28T20:31:12.379271+00:00,20260928T203112,2026-09-28 13:28:14.155000,Saad,P008,2026-09-28,internal_ledger/internal_ledger/20260928T203112.csv
T20260928T20311200417,C013,XPT,SELL,114,328.4,50.3,USD,2026-09-28T20:31:12.379271+00:00,20260928T203112,2026-09-28 13:28:14.155000,Fahad,P007,2026-09-28,internal_ledger/internal_ledger/20260928T203112.csv
T20260928T20311200418,C018,XAU,BUY,360,161.52,431.78,USD,2026-09-28T20:31:12.379271+00:00,20260928T203112,2026-09-28 13:28:14.155000,Dana,P008,2026-09-28,internal_ledger/internal_ledger/20260928T203112.csv
T20260928T20311200419,C007,IBM,BUY,72,313.75,561.01,USD,2026-09-28T20:31:12.379271+00:00,20260928T203112,2026-09-28 13:28:14.155000,Faisal,P010,2026-09-28,internal_ledger/internal_ledger/20260928T203112.csv
T20260928T20311200420,C018,XPT,SELL,398,189.51,227.22,USD,2026-09-28T20:31:12.379271+00:00,20260928T203112,2026-09-28 13:28:14.155000,Dana,P005,2026-09-28,internal_ledger/internal_ledger/20260928T203112.csv
T20260928T20311200421,C007,IBM,SELL,359,392.26,527.29,USD,2026-09-28T20:31:12.379271+00:00,20260928T203112,2026-09-28 13:28:14.155000,Faisal,P003,2026-09-28,internal_ledger/internal_ledger/20260928T203112.csv
T20260928T20311200422,C005,VOD,SELL,450,76.25,31.34,USD,2026-09-28T20:31:12.379271+00:00,20260928T203112,2026-09-28 13:28:14.155000,Huda,P010,2026-09-28,internal_ledger/internal_ledger/20260928T203112.csv
T20260928T20311200423,C002,XPT,SELL,272,218.79,608.03,USD,2026-09-28T20:31:12.379271+00:00,20260928T203112,2026-09-28 13:28:14.155000,Saad,P009,2026-09-28,internal_ledger/internal_ledger/20260928T203112.csv
T20260928T20311200424,C002,SAP,BUY,213,426.78,426.88,USD,2026-09-28T20:31:12.379271+00:00,20260928T203112,2026-09-28 13:28:14.155000,Saad,P009,2026-09-28,internal_ledger/internal_ledger/20260928T203112.csv
T20260928T20311200425,C014,XAG,BUY,180,427.64,63.36,USD,2026-09-28T20:31:12.379271+00:00,20260928T203112,2026-09-28 13:28:14.155000,Lama,P005,2026-09-28,internal_ledger/internal_ledger/20260928T203112.csv
T20260928T20311200426,C007,XAG,SELL,217,360.45,51.36,USD,2026-09-28T20:31:12.379271+00:00,20260928T203112,2026-09-28 13:28:14.155000,Faisal,P006,2026-09-28,internal_ledger/internal_ledger/20260928T203112.csv
T20260928T20311200427,C019,XPT,SELL,232,139.52,22.12,USD,2026-09-28T20:31:12.379271+00:00,20260928T203112,2026-09-28 13:28:14.155000,Majed,P008,2026-09-28,internal_ledger/internal_ledger/20260928T203112.csv
T20260928T20311200428,C007,MSFT,SELL,195,308.85,442.22,USD,2026-09-28T20:31:12.379271+00:00,20260928T203112,2026-09-28 13:28:14.155000,Faisal,P005,2026-09-28,internal_ledger/internal_ledger/20260928T203112.csv
T20260928T20311200429,C013,XAU,SELL,10,234.42,368.76,USD,2026-09-28T20:31:12.379271+00:00,20260928T203112,2026-09-28 13:28:14.155000,Fahad,P002,2026-09-28,internal_ledger/internal_ledger/20260928T203112.csv
T20260928T20311200430,C020,SAP,SELL,24,148.63,420.79,USD,2026-09-28T20:31:12.379271+00:00,20260928T203112,2026-09-28 13:28:14.155000,Hind,P010,2026-09-28,internal_ledger/internal_ledger/20260928T203112.csv
T20260928T20311200431,C005,XAU,BUY,396,80.53,438.73,USD,2026-09-28T20:31:12.379271+00:00,20260928T203112,2026-09-28 13:28:14.155000,Huda,P007,2026-09-28,internal_ledger/internal_ledger/20260928T203112.csv
T20260928T20311200432,C019,MSFT,BUY,481,429.56,419.12,USD,2026-09-28T20:31:12.379271+00:00,20260928T203112,2026-09-28 13:28:14.155000,Majed,P008,2026-09-28,internal_ledger/internal_ledger/20260928T203112.csv
T20260928T20311200433,C019,SAP,BUY,91,152.31,149.42,USD,2026-09-28T20:31:12.379271+00:00,20260928T203112,2026-09-28 13:28:14.155000,Majed,P001,2026-09-28,internal_ledger/internal_ledger/20260928T203112.csv
T20260928T20311200434,C007,SAP,BUY,202,311.52,140.98,USD,2026-09-28T20:31:12.379271+00:00,20260928T203112,2026-09-28 13:28:14.155000,Faisal,P001,2026-09-28,internal_ledger/internal_ledger/20260928T203112.csv
T20260928T20311200435,C015,XPT,BUY,360,269.11,375.2,USD,2026-09-28T20:31:12.379271+00:00,20260928T203112,2026-09-28 13:28:14.155000,Yousef,P008,2026-09-28,internal_ledger/internal_ledger/20260928T203112.csv
T20260928T20311200436,C019,VOD,BUY,298,465.83,211.76,USD,2026-09-28T20:31:12.379271+00:00,20260928T203112,2026-09-28 13:28:14.155000,Majed,P003,2026-09-28,internal_ledger/internal_ledger/20260928T203112.csv
T20260928T20311200437,C010,XAU,BUY,21,155.51,25.67,USD,2026-09-28T20:31:12.379271+00:00,20260928T203112,2026-09-28 13:28:14.155000,Amal,P004,2026-09-28,internal_ledger/internal_ledger/20260928T203112.csv
T20260928T20311200438,C014,XPT,SELL,387,236.01,427.98,USD,2026-09-28T20:31:12.379271+00:00,20260928T203112,2026-09-28 13:28:14.155000,Lama,P005,2026-09-28,internal_ledger/internal_ledger/20260928T203112.csv
T20260928T20311200439,C012,XPT,BUY,75,382.54,281.02,USD,2026-09-28T20:31:12.379271+00:00,20260928T203112,2026-09-28 13:28:14.155000,Abdullah,P004,2026-09-28,internal_ledger/internal_ledger/20260928T203112.csv
T20260928T20311200440,C016,MSFT,BUY,187,380.54,346.72,USD,2026-09-28T20:31:12.379271+00:00,20260928T203112,2026-09-28 13:28:14.155000,Noura,P009,2026-09-28,internal_ledger/internal_ledger/20260928T203112.csv
T20260928T20311200441,C002,IBM,BUY,55,455.6,552.29,USD,2026-09-28T20:31:12.379271+00:00,20260928T203112,2026-09-28 13:28:14.155000,Saad,P006,2026-09-28,internal_ledger/internal_ledger/20260928T203112.csv
T20260928T20311200442,C019,VOD,BUY,162,411.33,591.4,USD,2026-09-28T20:31:12.379271+00:00,20260928T203112,2026-09-28 13:28:14.155000,Majed,P002,2026-09-28,internal_ledger/internal_ledger/20260928T203112.csv
T20260928T20311200443,C014,IBM,SELL,297,198.54,445.59,USD,2026-09-28T20:31:12.379271+00:00,20260928T203112,2026-09-28 13:28:14.155000,Lama,P003,2026-09-28,internal_ledger/internal_ledger/20260928T203112.csv
T20260928T20311200444,C003,XAG,BUY,345,397.99,306.13,USD,2026-09-28T20:31:12.379271+00:00,20260928T203112,2026-09-28 13:28:14.155000,Sara,P010,2026-09-28,internal_ledger/internal_ledger/20260928T203112.csv
T20260928T20311200445,C002,SAP,BUY,314,345.7,254.87,USD,2026-09-28T20:31:12.379271+00:00,20260928T203112,2026-09-28 13:28:14.155000,Saad,P006,2026-09-28,internal_ledger/internal_ledger/20260928T203112.csv
T20260928T20311200446,C015,IBM,SELL,478,258.93,225.96,USD,2026-09-28T20:31:12.379271+00:00,20260928T203112,2026-09-28 13:28:14.155000,Yousef,P006,2026-09-28,internal_ledger/internal_ledger/20260928T203112.csv
T20260928T20311200447,C006,MSFT,SELL,192,316.71,629.63,USD,2026-09-28T20:31:12.379271+00:00,20260928T203112,2026-09-28 13:28:14.155000,Aisha,P001,2026-09-28,internal_ledger/internal_ledger/20260928T203112.csv
T20260928T20311200448,C012,MSFT,SELL,228,298.11,138.52,USD,2026-09-28T20:31:12.379271+00:00,20260928T203112,2026-09-28 13:28:14.155000,Abdullah,P010,2026-09-28,internal_ledger/internal_ledger/20260928T203112.csv
T20260928T20311200449,C014,GOOGL,BUY,19,299.76,475.71,USD,2026-09-28T20:31:12.379271+00:00,20260928T203112,2026-09-28 13:28:14.155000,Lama,P009,2026-09-28,internal_ledger/internal_ledger/20260928T203112.csv
T20260928T20311200450,C003,IBM,SELL,128,435.43,331.59,USD,2026-09-28T20:31:12.379271+00:00,20260928T203112,2026-09-28 13:28:14.155000,Sara,P005,2026-09-28,internal_ledger/internal_ledger/20260928T203112.csv
T20260928T20311200451,C005,GOOGL,BUY,354,453.74,78.97,USD,2026-09-28T20:31:12.379271+00:00,20260928T203112,2026-09-28 13:28:14.155000,Huda,P002,2026-09-28,internal_ledger/internal_ledger/20260928T203112.csv
T20260928T20311200452,C003,MSFT,SELL,340,487.98,614.82,USD,2026-09-28T20:31:12.379271+00:00,20260928T203112,2026-09-28 13:28:14.155000,Sara,P004,2026-09-28,internal_ledger/internal_ledger/20260928T203112.csv
T20260928T20311200453,C001,MSFT,SELL,33,144.39,444.1,USD,2026-09-28T20:31:12.379271+00:00,20260928T203112,2026-09-28 13:28:14.155000,Khalid,P007,2026-09-28,internal_ledger/internal_ledger/20260928T203112.csv
T20260928T20311200454,C011,XAU,BUY,152,67.75,381.5,USD,2026-09-28T20:31:12.379271+00:00,20260928T203112,2026-09-28 13:28:14.155000,Reem,P002,2026-09-28,internal_ledger/internal_ledger/20260928T203112.csv
T20260928T20311200455,C014,SAP,BUY,384,85.62,382.61,USD,2026-09-28T20:31:12.379271+00:00,20260928T203112,2026-09-28 13:28:14.155000,Lama,P003,2026-09-28,internal_ledger/internal_ledger/20260928T203112.csv
T20260928T20311200456,C013,GOOGL,SELL,23,133.38,429.55,USD,2026-09-28T20:31:12.379271+00:00,20260928T203112,2026-09-28 13:28:14.155000,Fahad,P008,2026-09-28,internal_ledger/internal_ledger/20260928T203112.csv
T20260928T20311200457,C012,IBM,SELL,470,395.09,333.37,USD,2026-09-28T20:31:12.379271+00:00,20260928T203112,2026-09-28 13:28:14.155000,Abdullah,P010,2026-09-28,internal_ledger/internal_ledger/20260928T203112.csv
T20260928T20311200458,C014,XPT,SELL,468,400.39,457.57,USD,2026-09-28T20:31:12.379271+00:00,20260928T203112,2026-09-28 13:28:14.155000,Lama,P001,2026-09-28,internal_ledger/internal_ledger/20260928T203112.csv
T20260928T20311200459,C011,SAP,BUY,78,438.65,447.85,USD,2026-09-28T20:31:12.379271+00:00,20260928T203112,2026-09-28 13:28:14.155000,Reem,P001,2026-09-28,internal_ledger/internal_ledger/20260928T203112.csv
T20260928T20311200460,C013,XAG,SELL,73,483.58,610.09,USD,2026-09-28T20:31:12.379271+00:00,20260928T203112,2026-09-28 13:28:14.155000,Fahad,P004,2026-09-28,internal_ledger/internal_ledger/20260928T203112.csv
T20260928T20311200461,C018,GOOGL,SELL,431,226.48,354.93,USD,2026-09-28T20:31:12.379271+00:00,20260928T203112,2026-09-28 13:28:14.155000,Dana,P005,2026-09-28,internal_ledger/internal_ledger/20260928T203112.csv
T20260928T20311200462,C007,GOOGL,BUY,160,190.19,22.14,USD,2026-09-28T20:31:12.379271+00:00,20260928T203112,2026-09-28 13:28:14.155000,Faisal,P003,2026-09-28,internal_ledger/internal_ledger/20260928T203112.csv
T20260928T20311200463,C009,XPT,SELL,122,395.2,522.81,USD,2026-09-28T20:31:12.379271+00:00,20260928T203112,2026-09-28 13:28:14.155000,Rana,P005,2026-09-28,internal_ledger/internal_ledger/20260928T203112.csv
T20260928T20311200464,C014,XPT,SELL,229,260.92,180.04,USD,2026-09-28T20:31:12.379271+00:00,20260928T203112,2026-09-28 13:28:14.155000,Lama,P003,2026-09-28,internal_ledger/internal_ledger/20260928T203112.csv
T20260928T20311200465,C001,XPT,SELL,129,362.74,474.51,USD,2026-09-28T20:31:12.379271+00:00,20260928T203112,2026-09-28 13:28:14.155000,Khalid,P008,2026-09-28,internal_ledger/internal_ledger/20260928T203112.csv
T20260928T20311200466,C020,VOD,SELL,162,465.19,192.18,USD,2026-09-28T20:31:12.379271+00:00,20260928T203112,2026-09-28 13:28:14.155000,Hind,P009,2026-09-28,internal_ledger/internal_ledger/20260928T203112.csv
T20260928T20311200467,C003,XAG,BUY,70,394.07,282.37,USD,2026-09-28T20:31:12.379271+00:00,20260928T203112,2026-09-28 13:28:14.155000,Sara,P001,2026-09-28,internal_ledger/internal_ledger/20260928T203112.csv
T20260928T20311200468,C004,GOOGL,SELL,120,433.76,488.79,USD,2026-09-28T20:31:12.379271+00:00,20260928T203112,2026-09-28 13:28:14.155000,Omar,P008,2026-09-28,internal_ledger/internal_ledger/20260928T203112.csv
T20260928T20311200469,C014,MSFT,BUY,182,229.57,354.86,USD,2026-09-28T20:31:12.379271+00:00,20260928T203112,2026-09-28 13:28:14.155000,Lama,P003,2026-09-28,internal_ledger/internal_ledger/20260928T203112.csv
T20260928T20311200470,C008,IBM,SELL,478,334.75,540.42,USD,2026-09-28T20:31:12.379271+00:00,20260928T203112,2026-09-28 13:28:14.155000,Maha,P009,2026-09-28,internal_ledger/internal_ledger/20260928T203112.csv
T20260928T20311200471,C020,MSFT,BUY,312,352.6,321.93,USD,2026-09-28T20:31:12.379271+00:00,20260928T203112,2026-09-28 13:28:14.155000,Hind,P010,2026-09-28,internal_ledger/internal_ledger/20260928T203112.csv
T20260928T20311200472,C013,GOOGL,BUY,160,469.54,623.46,USD,2026-09-28T20:31:12.379271+00:00,20260928T203112,2026-09-28 13:28:14.155000,Fahad,P006,2026-09-28,internal_ledger/internal_ledger/20260928T203112.csv
T20260928T20311200473,C001,XPT,BUY,125,378.9,624.44,USD,2026-09-28T20:31:12.379271+00:00,20260928T203112,2026-09-28 13:28:14.155000,Khalid,P004,2026-09-28,internal_ledger/internal_ledger/20260928T203112.csv
T20260928T20311200474,C012,GOOGL,SELL,462,120.93,42.04,USD,2026-09-28T20:31:12.379271+00:00,20260928T203112,2026-09-28 13:28:14.155000,Abdullah,P008,2026-09-28,internal_ledger/internal_ledger/20260928T203112.csv
T20260928T20311200475,C020,IBM,SELL,383,157.82,75.74,USD,2026-09-28T20:31:12.379271+00:00,20260928T203112,2026-09-28 13:28:14.155000,Hind,P010,2026-09-28,internal_ledger/internal_ledger/20260928T203112.csv
T20260928T20311200476,C015,GOOGL,SELL,323,245.85,132.47,USD,2026-09-28T20:31:12.379271+00:00,20260928T203112,2026-09-28 13:28:14.155000,Yousef,P010,2026-09-28,internal_ledger/internal_ledger/20260928T203112.csv
T20260928T20311200477,C003,VOD,SELL,358,72.7,187.07,USD,2026-09-28T20:31:12.379271+00:00,20260928T203112,2026-09-28 13:28:14.155000,Sara,P007,2026-09-28,internal_ledger/internal_ledger/20260928T203112.csv
T20260928T20311200478,C014,XAG,SELL,462,276.95,547.42,USD,2026-09-28T20:31:12.379271+00:00,20260928T203112,2026-09-28 13:28:14.155000,Lama,P006,2026-09-28,internal_ledger/internal_ledger/20260928T203112.csv
T20260928T20311200479,C011,VOD,SELL,467,444.77,234.52,USD,2026-09-28T20:31:12.379271+00:00,20260928T203112,2026-09-28 13:28:14.155000,Reem,P004,2026-09-28,internal_ledger/internal_ledger/20260928T203112.csv
T20260928T20311200480,C006,XPT,BUY,184,453.2,429.1,USD,2026-09-28T20:31:12.379271+00:00,20260928T203112,2026-09-28 13:28:14.155000,Aisha,P010,2026-09-28,internal_ledger/internal_ledger/20260928T203112.csv
T20260928T20311200481,C011,XAU,BUY,237,196.05,515.82,USD,2026-09-28T20:31:12.379271+00:00,20260928T203112,2026-09-28 13:28:14.155000,Reem,P007,2026-09-28,internal_ledger/internal_ledger/20260928T203112.csv
T20260928T20311200482,C010,XPT,SELL,328,74.18,559.72,USD,2026-09-28T20:31:12.379271+00:00,20260928T203112,2026-09-28 13:28:14.155000,Amal,P007,2026-09-28,internal_ledger/internal_ledger/20260928T203112.csv
T20260928T20311200483,C015,IBM,SELL,467,93.55,172.79,USD,2026-09-28T20:31:12.379271+00:00,20260928T203112,2026-09-28 13:28:14.155000,Yousef,P004,2026-09-28,internal_ledger/internal_ledger/20260928T203112.csv
T20260928T20311200484,C019,MSFT,SELL,48,80.82,566.16,USD,2026-09-28T20:31:12.379271+00:00,20260928T203112,2026-09-28 13:28:14.155000,Majed,P004,2026-09-28,internal_ledger/internal_ledger/20260928T203112.csv
T20260928T20311200485,C014,IBM,SELL,280,183.46,129.06,USD,2026-09-28T20:31:12.379271+00:00,20260928T203112,2026-09-28 13:28:14.155000,Lama,P007,2026-09-28,internal_ledger/internal_ledger/20260928T203112.csv
T20260928T20311200486,C001,SAP,SELL,427,121.69,185.79,USD,2026-09-28T20:31:12.379271+00:00,20260928T203112,2026-09-28 13:28:14.155000,Khalid,P003,2026-09-28,internal_ledger/internal_ledger/20260928T203112.csv
T20260928T20311200487,C007,VOD,SELL,295,147.9,188.71,USD,2026-09-28T20:31:12.379271+00:00,20260928T203112,2026-09-28 13:28:14.155000,Faisal,P007,2026-09-28,internal_ledger/internal_ledger/20260928T203112.csv
T20260928T20311200488,C005,XAU,BUY,390,78.27,565.11,USD,2026-09-28T20:31:12.379271+00:00,20260928T203112,2026-09-28 13:28:14.155000,Huda,P003,2026-09-28,internal_ledger/internal_ledger/20260928T203112.csv
T20260928T20311200489,C005,MSFT,SELL,387,135.76,201.59,USD,2026-09-28T20:31:12.379271+00:00,20260928T203112,2026-09-28 13:28:14.155000,Huda,P004,2026-09-28,internal_ledger/internal_ledger/20260928T203112.csv
T20260928T20311200490,C011,MSFT,BUY,283,329.8,509.59,USD,2026-09-28T20:31:12.379271+00:00,20260928T203112,2026-09-28 13:28:14.155000,Reem,P007,2026-09-28,internal_ledger/internal_ledger/20260928T203112.csv
T20260928T20311200491,C016,VOD,SELL,479,264.9,494.36,USD,2026-09-28T20:31:12.379271+00:00,20260928T203112,2026-09-28 13:28:14.155000,Noura,P006,2026-09-28,internal_ledger/internal_ledger/20260928T203112.csv
T20260928T20311200492,C011,GOOGL,SELL,42,309.46,176.34,USD,2026-09-28T20:31:12.379271+00:00,20260928T203112,2026-09-28 13:28:14.155000,Reem,P001,2026-09-28,internal_ledger/internal_ledger/20260928T203112.csv
T20260928T20311200493,C010,SAP,SELL,425,437.01,502.78,USD,2026-09-28T20:31:12.379271+00:00,20260928T203112,2026-09-28 13:28:14.155000,Amal,P004,2026-09-28,internal_ledger/internal_ledger/20260928T203112.csv
T20260928T20311200494,C014,VOD,SELL,456,490.78,572.85,USD,2026-09-28T20:31:12.379271+00:00,20260928T203112,2026-09-28 13:28:14.155000,Lama,P009,2026-09-28,internal_ledger/internal_ledger/20260928T203112.csv
T20260928T20311200495,C015,XAG,SELL,348,332.1,190.47,USD,2026-09-28T20:31:12.379271+00:00,20260928T203112,2026-09-28 13:28:14.155000,Yousef,P006,2026-09-28,internal_ledger/internal_ledger/20260928T203112.csv
T20260928T20311200496,C013,XAG,SELL,457,185.75,300.0,USD,2026-09-28T20:31:12.379271+00:00,20260928T203112,2026-09-28 13:28:14.155000,Fahad,P004,2026-09-28,internal_ledger/internal_ledger/20260928T203112.csv
T20260928T20311200497,C002,GOOGL,SELL,37,265.13,67.25,USD,2026-09-28T20:31:12.379271+00:00,20260928T203112,2026-09-28 13:28:14.155000,Saad,P006,2026-09-28,internal_ledger/internal_ledger/20260928T203112.csv
T20260928T20311200498,C010,MSFT,BUY,418,142.97,423.13,USD,2026-09-28T20:31:12.379271+00:00,20260928T203112,2026-09-28 13:28:14.155000,Amal,P002,2026-09-28,internal_ledger/internal_ledger/20260928T203112.csv
T20260928T20311200499,C007,XPT,SELL,306,412.18,161.34,USD,2026-09-28T20:31:12.379271+00:00,20260928T203112,2026-09-28 13:28:14.155000,Faisal,P007,2026-09-28,internal_ledger/internal_ledger/20260928T203112.csv
T20260928T20311200500,C005,SAP,BUY,134,120.49,328.58,USD,2026-09-28T20:31:12.379271+00:00,20260928T203112,2026-09-28 13:28:14.155000,Huda,P004,2026-09-28,internal_ledger/internal_ledger/20260928T203112.csv
T20260928T20311200501,C017,XAU,BUY,67,331.26,177.4,USD,2026-09-28T20:31:12.379271+00:00,20260928T203112,2026-09-28 13:28:14.155000,Turki,P002,2026-09-28,internal_ledger/internal_ledger/20260928T203112.csv
T20260928T20311200502,C002,XAG,BUY,87,327.71,295.68,USD,2026-09-28T20:31:12.379271+00:00,20260928T203112,2026-09-28 13:28:14.155000,Saad,P006,2026-09-28,internal_ledger/internal_ledger/20260928T203112.csv
T20260928T20311200503,C002,XPT,SELL,483,343.18,308.63,USD,2026-09-28T20:31:12.379271+00:00,20260928T203112,2026-09-28 13:28:14.155000,Saad,P010,2026-09-28,internal_ledger/internal_ledger/20260928T203112.csv
T20260928T20311200504,C007,VOD,SELL,88,224.95,530.86,USD,2026-09-28T20:31:12.379271+00:00,20260928T203112,2026-09-28 13:28:14.155000,Faisal,P007,2026-09-28,internal_ledger/internal_ledger/20260928T203112.csv
T20260928T20311200505,C009,XPT,BUY,462,259.17,406.59,USD,2026-09-28T20:31:12.379271+00:00,20260928T203112,2026-09-28 13:28:14.155000,Rana,P007,2026-09-28,internal_ledger/internal_ledger/20260928T203112.csv
T20260928T20311200506,C019,VOD,SELL,266,282.19,61.57,USD,2026-09-28T20:31:12.379271+00:00,20260928T203112,2026-09-28 13:28:14.155000,Majed,P007,2026-09-28,internal_ledger/internal_ledger/20260928T203112.csv
T20260928T20311200507,C013,SAP,BUY,71,492.05,120.71,USD,2026-09-28T20:31:12.379271+00:00,20260928T203112,2026-09-28 13:28:14.155000,Fahad,P009,2026-09-28,internal_ledger/internal_ledger/20260928T203112.csv
T20260928T20311200508,C012,GOOGL,BUY,164,94.13,412.59,USD,2026-09-28T20:31:12.379271+00:00,20260928T203112,2026-09-28 13:28:14.155000,Abdullah,P002,2026-09-28,internal_ledger/internal_ledger/20260928T203112.csv
T20260928T20311200509,C018,XAG,SELL,168,236.5,504.85,USD,2026-09-28T20:31:12.379271+00:00,20260928T203112,2026-09-28 13:28:14.155000,Dana,P001,2026-09-28,internal_ledger/internal_ledger/20260928T203112.csv
T20260928T20311200510,C020,VOD,SELL,481,397.94,24.34,USD,2026-09-28T20:31:12.379271+00:00,20260928T203112,2026-09-28 13:28:14.155000,Hind,P007,2026-09-28,internal_ledger/internal_ledger/20260928T203112.csv
T20260928T20311200511,C020,XAG,SELL,28,323.78,419.42,USD,2026-09-28T20:31:12.379271+00:00,20260928T203112,2026-09-28 13:28:14.155000,Hind,P004,2026-09-28,internal_ledger/internal_ledger/20260928T203112.csv
T20260928T20311200512,C013,XPT,SELL,122,302.47,327.59,USD,2026-09-28T20:31:12.379271+00:00,20260928T203112,2026-09-28 13:28:14.155000,Fahad,P003,2026-09-28,internal_ledger/internal_ledger/20260928T203112.csv
T20260928T20311200513,C001,VOD,SELL,271,86.32,52.74,USD,2026-09-28T20:31:12.379271+00:00,20260928T203112,2026-09-28 13:28:14.155000,Khalid,P008,2026-09-28,internal_ledger/internal_ledger/20260928T203112.csv
T20260928T20311200514,C011,SAP,SELL,401,224.57,7.17,USD,2026-09-28T20:31:12.379271+00:00,20260928T203112,2026-09-28 13:28:14.155000,Reem,P002,2026-09-28,internal_ledger/internal_ledger/20260928T203112.csv
T20260928T20311200515,C012,VOD,BUY,294,384.38,305.45,USD,2026-09-28T20:31:12.379271+00:00,20260928T203112,2026-09-28 13:28:14.155000,Abdullah,P009,2026-09-28,internal_ledger/internal_ledger/20260928T203112.csv
T20260928T20311200516,C012,XAG,BUY,55,433.48,376.93,USD,2026-09-28T20:31:12.379271+00:00,20260928T203112,2026-09-28 13:28:14.155000,Abdullah,P009,2026-09-28,internal_ledger/internal_ledger/20260928T203112.csv
T20260928T20311200517,C001,MSFT,SELL,308,294.68,289.69,USD,2026-09-28T20:31:12.379271+00:00,20260928T203112,2026-09-28 13:28:14.155000,Khalid,P003,2026-09-28,internal_ledger/internal_ledger/20260928T203112.csv
T20260928T20311200518,C006,XPT,SELL,23,178.11,108.72,USD,2026-09-28T20:31:12.379271+00:00,20260928T203112,2026-09-28 13:28:14.155000,Aisha,P010,2026-09-28,internal_ledger/internal_ledger/20260928T203112.csv
T20260928T20311200519,C003,VOD,BUY,271,142.68,476.88,USD,2026-09-28T20:31:12.379271+00:00,20260928T203112,2026-09-28 13:28:14.155000,Sara,P007,2026-09-28,internal_ledger/internal_ledger/20260928T203112.csv
T20260928T20311200520,C002,GOOGL,BUY,458,283.2,377.81,USD,2026-09-28T20:31:12.379271+00:00,20260928T203112,2026-09-28 13:28:14.155000,Saad,P007,2026-09-28,internal_ledger/internal_ledger/20260928T203112.csv
T20260928T20311200521,C019,XAU,BUY,293,143.22,288.37,USD,2026-09-28T20:31:12.379271+00:00,20260928T203112,2026-09-28 13:28:14.155000,Majed,P001,2026-09-28,internal_ledger/internal_ledger/20260928T203112.csv
T20260928T20311200522,C006,XAG,SELL,454,93.64,439.34,USD,2026-09-28T20:31:12.379271+00:00,20260928T203112,2026-09-28 13:28:14.155000,Aisha,P010,2026-09-28,internal_ledger/internal_ledger/20260928T203112.csv
T20260928T20311200523,C011,XPT,SELL,371,363.82,282.03,USD,2026-09-28T20:31:12.379271+00:00,20260928T203112,2026-09-28 13:28:14.155000,Reem,P002,2026-09-28,internal_ledger/internal_ledger/20260928T203112.csv
T20260928T20311200524,C002,IBM,BUY,308,232.45,360.68,USD,2026-09-28T20:31:12.379271+00:00,20260928T203112,2026-09-28 13:28:14.155000,Saad,P004,2026-09-28,internal_ledger/internal_ledger/20260928T203112.csv
T20260928T20311200525,C010,XAG,BUY,17,259.31,232.13,USD,2026-09-28T20:31:12.379271+00:00,20260928T203112,2026-09-28 13:28:14.155000,Amal,P006,2026-09-28,internal_ledger/internal_ledger/20260928T203112.csv
T20260928T20311200526,C008,IBM,SELL,231,413.66,509.79,USD,2026-09-28T20:31:12.379271+00:00,20260928T203112,2026-09-28 13:28:14.155000,Maha,P008,2026-09-28,internal_ledger/internal_ledger/20260928T203112.csv
T20260928T20311200527,C015,SAP,SELL,61,390.44,429.21,USD,2026-09-28T20:31:12.379271+00:00,20260928T203112,2026-09-28 13:28:14.155000,Yousef,P009,2026-09-28,internal_ledger/internal_ledger/20260928T203112.csv
T20260928T20311200528,C005,VOD,SELL,394,308.93,149.24,USD,2026-09-28T20:31:12.379271+00:00,20260928T203112,2026-09-28 13:28:14.155000,Huda,P005,2026-09-28,internal_ledger/internal_ledger/20260928T203112.csv
T20260928T20311200529,C020,XAG,BUY,480,332.38,181.07,USD,2026-09-28T20:31:12.379271+00:00,20260928T203112,2026-09-28 13:28:14.155000,Hind,P004,2026-09-28,internal_ledger/internal_ledger/20260928T203112.csv
T20260928T20311200530,C006,MSFT,BUY,196,364.7,410.39,USD,2026-09-28T20:31:12.379271+00:00,20260928T203112,2026-09-28 13:28:14.155000,Aisha,P002,2026-09-28,internal_ledger/internal_ledger/20260928T203112.csv
T20260928T20311200531,C008,XAG,BUY,284,388.37,482.41,USD,2026-09-28T20:31:12.379271+00:00,20260928T203112,2026-09-28 13:28:14.155000,Maha,P010,2026-09-28,internal_ledger/internal_ledger/20260928T203112.csv
T20260928T20311200532,C019,MSFT,BUY,45,158.33,432.78,USD,2026-09-28T20:31:12.379271+00:00,20260928T203112,2026-09-28 13:28:14.155000,Majed,P010,2026-09-28,internal_ledger/internal_ledger/20260928T203112.csv
T20260928T20311200533,C011,SAP,BUY,377,161.75,389.59,USD,2026-09-28T20:31:12.379271+00:00,20260928T203112,2026-09-28 13:28:14.155000,Reem,P006,2026-09-28,internal_ledger/internal_ledger/20260928T203112.csv
T20260928T20311200534,C002,IBM,SELL,151,420.28,31.79,USD,2026-09-28T20:31:12.379271+00:00,20260928T203112,2026-09-28 13:28:14.155000,Saad,P001,2026-09-28,internal_ledger/internal_ledger/20260928T203112.csv
T20260928T20311200535,C009,IBM,SELL,33,172.37,288.42,USD,2026-09-28T20:31:12.379271+00:00,20260928T203112,2026-09-28 13:28:14.155000,Rana,P007,2026-09-28,internal_ledger/internal_ledger/20260928T203112.csv
T20260928T20311200536,C008,XAU,BUY,136,233.31,575.47,USD,2026-09-28T20:31:12.379271+00:00,20260928T203112,2026-09-28 13:28:14.155000,Maha,P001,2026-09-28,internal_ledger/internal_ledger/20260928T203112.csv
T20260928T20311200537,C003,XPT,BUY,315,465.22,285.8,USD,2026-09-28T20:31:12.379271+00:00,20260928T203112,2026-09-28 13:28:14.155000,Sara,P005,2026-09-28,internal_ledger/internal_ledger/20260928T203112.csv
T20260928T20311200538,C018,IBM,SELL,172,475.35,270.56,USD,2026-09-28T20:31:12.379271+00:00,20260928T203112,2026-09-28 13:28:14.155000,Dana,P002,2026-09-28,internal_ledger/internal_ledger/20260928T203112.csv
T20260928T20311200539,C016,IBM,SELL,295,229.92,558.16,USD,2026-09-28T20:31:12.379271+00:00,20260928T203112,2026-09-28 13:28:14.155000,Noura,P010,2026-09-28,internal_ledger/internal_ledger/20260928T203112.csv
T20260928T20311200540,C020,XPT,SELL,45,420.03,51.95,USD,2026-09-28T20:31:12.379271+00:00,20260928T203112,2026-09-28 13:28:14.155000,Hind,P007,2026-09-28,internal_ledger/internal_ledger/20260928T203112.csv
T20260928T20311200541,C019,IBM,BUY,84,279.01,514.85,USD,2026-09-28T20:31:12.379271+00:00,20260928T203112,2026-09-28 13:28:14.155000,Majed,P002,2026-09-28,internal_ledger/internal_ledger/20260928T203112.csv
T20260928T20311200542,C020,VOD,SELL,436,450.7,182.35,USD,2026-09-28T20:31:12.379271+00:00,20260928T203112,2026-09-28 13:28:14.155000,Hind,P006,2026-09-28,internal_ledger/internal_ledger/20260928T203112.csv
T20260928T20311200543,C013,VOD,SELL,146,197.28,324.03,USD,2026-09-28T20:31:12.379271+00:00,20260928T203112,2026-09-28 13:28:14.155000,Fahad,P001,2026-09-28,internal_ledger/internal_ledger/20260928T203112.csv
T20260928T20311200544,C001,SAP,BUY,406,106.8,336.08,USD,2026-09-28T20:31:12.379271+00:00,20260928T203112,2026-09-28 13:28:14.155000,Khalid,P003,2026-09-28,internal_ledger/internal_ledger/20260928T203112.csv
T20260928T20311200545,C003,MSFT,SELL,78,335.19,207.03,USD,2026-09-28T20:31:12.379271+00:00,20260928T203112,2026-09-28 13:28:14.155000,Sara,P001,2026-09-28,internal_ledger/internal_ledger/20260928T203112.csv
T20260928T20311200546,C011,IBM,SELL,205,435.26,178.56,USD,2026-09-28T20:31:12.379271+00:00,20260928T203112,2026-09-28 13:28:14.155000,Reem,P004,2026-09-28,internal_ledger/internal_ledger/20260928T203112.csv
T20260928T20311200547,C002,MSFT,SELL,379,206.98,153.16,USD,2026-09-28T20:31:12.379271+00:00,20260928T203112,2026-09-28 13:28:14.155000,Saad,P005,2026-09-28,internal_ledger/internal_ledger/20260928T203112.csv
T20260928T20311200548,C020,VOD,SELL,228,431.33,531.6,USD,2026-09-28T20:31:12.379271+00:00,20260928T203112,2026-09-28 13:28:14.155000,Hind,P004,2026-09-28,internal_ledger/internal_ledger/20260928T203112.csv
T20260928T20311200549,C007,XAG,BUY,276,277.43,298.21,USD,2026-09-28T20:31:12.379271+00:00,20260928T203112,2026-09-28 13:28:14.155000,Faisal,P007,2026-09-28,internal_ledger/internal_ledger/20260928T203112.csv
T20260928T20311200550,C016,XAG,BUY,462,438.82,564.13,USD,2026-09-28T20:31:12.379271+00:00,20260928T203112,2026-09-28 13:28:14.155000,Noura,P007,2026-09-28,internal_ledger/internal_ledger/20260928T203112.csv
T20260928T20311200551,C019,VOD,SELL,49,486.3,624.08,USD,2026-09-28T20:31:12.379271+00:00,20260928T203112,2026-09-28 13:28:14.155000,Majed,P006,2026-09-28,internal_ledger/internal_ledger/20260928T203112.csv
T20260928T20311200552,C009,SAP,SELL,109,186.92,418.27,USD,2026-09-28T20:31:12.379271+00:00,20260928T203112,2026-09-28 13:28:14.155000,Rana,P001,2026-09-28,internal_ledger/internal_ledger/20260928T203112.csv
T20260928T20311200553,C011,VOD,BUY,283,103.93,453.61,USD,2026-09-28T20:31:12.379271+00:00,20260928T203112,2026-09-28 13:28:14.155000,Reem,P004,2026-09-28,internal_ledger/internal_ledger/20260928T203112.csv
T20260928T20311200554,C010,IBM,SELL,235,246.25,330.66,USD,2026-09-28T20:31:12.379271+00:00,20260928T203112,2026-09-28 13:28:14.155000,Amal,P002,2026-09-28,internal_ledger/internal_ledger/20260928T203112.csv
T20260928T20311200555,C004,IBM,SELL,270,475.27,94.81,USD,2026-09-28T20:31:12.379271+00:00,20260928T203112,2026-09-28 13:28:14.155000,Omar,P009,2026-09-28,internal_ledger/internal_ledger/20260928T203112.csv
T20260928T20311200556,C005,IBM,BUY,272,155.82,353.43,USD,2026-09-28T20:31:12.379271+00:00,20260928T203112,2026-09-28 13:28:14.155000,Huda,P002,2026-09-28,internal_ledger/internal_ledger/20260928T203112.csv
T20260928T20311200557,C003,XAU,BUY,220,431.05,391.06,USD,2026-09-28T20:31:12.379271+00:00,20260928T203112,2026-09-28 13:28:14.155000,Sara,P002,2026-09-28,internal_ledger/internal_ledger/20260928T203112.csv
T20260928T20311200558,C012,XPT,SELL,410,396.38,49.72,USD,2026-09-28T20:31:12.379271+00:00,20260928T203112,2026-09-28 13:28:14.155000,Abdullah,P002,2026-09-28,internal_ledger/internal_ledger/20260928T203112.csv
T20260928T20311200559,C015,XPT,SELL,38,116.88,396.34,USD,2026-09-28T20:31:12.379271+00:00,20260928T203112,2026-09-28 13:28:14.155000,Yousef,P005,2026-09-28,internal_ledger/internal_ledger/20260928T203112.csv
T20260928T20311200560,C009,XAU,SELL,83,279.26,563.52,USD,2026-09-28T20:31:12.379271+00:00,20260928T203112,2026-09-28 13:28:14.155000,Rana,P005,2026-09-28,internal_ledger/internal_ledger/20260928T203112.csv
T20260928T20311200561,C015,VOD,BUY,417,346.72,590.48,USD,2026-09-28T20:31:12.379271+00:00,20260928T203112,2026-09-28 13:28:14.155000,Yousef,P006,2026-09-28,internal_ledger/internal_ledger/20260928T203112.csv
T20260928T20311200562,C014,XAG,SELL,397,344.66,493.58,USD,2026-09-28T20:31:12.379271+00:00,20260928T203112,2026-09-28 13:28:14.155000,Lama,P001,2026-09-28,internal_ledger/internal_ledger/20260928T203112.csv
T20260928T20311200563,C003,XAU,BUY,364,264.25,586.99,USD,2026-09-28T20:31:12.379271+00:00,20260928T203112,2026-09-28 13:28:14.155000,Sara,P010,2026-09-28,internal_ledger/internal_ledger/20260928T203112.csv
T20260928T20311200564,C010,GOOGL,BUY,439,199.76,403.85,USD,2026-09-28T20:31:12.379271+00:00,20260928T203112,2026-09-28 13:28:14.155000,Amal,P008,2026-09-28,internal_ledger/internal_ledger/20260928T203112.csv
T20260928T20311200565,C008,GOOGL,BUY,477,150.43,262.25,USD,2026-09-28T20:31:12.379271+00:00,20260928T203112,2026-09-28 13:28:14.155000,Maha,P008,2026-09-28,internal_ledger/internal_ledger/20260928T203112.csv
T20260928T20311200566,C006,GOOGL,SELL,446,70.29,599.51,USD,2026-09-28T20:31:12.379271+00:00,20260928T203112,2026-09-28 13:28:14.155000,Aisha,P010,2026-09-28,internal_ledger/internal_ledger/20260928T203112.csv
T20260928T20311200567,C008,XAU,SELL,144,341.53,610.55,USD,2026-09-28T20:31:12.379271+00:00,20260928T203112,2026-09-28 13:28:14.155000,Maha,P002,2026-09-28,internal_ledger/internal_ledger/20260928T203112.csv
T20260928T20311200568,C003,XPT,SELL,161,371.02,257.11,USD,2026-09-28T20:31:12.379271+00:00,20260928T203112,2026-09-28 13:28:14.155000,Sara,P001,2026-09-28,internal_ledger/internal_ledger/20260928T203112.csv
T20260928T20311200569,C001,MSFT,BUY,346,306.94,254.48,USD,2026-09-28T20:31:12.379271+00:00,20260928T203112,2026-09-28 13:28:14.155000,Khalid,P001,2026-09-28,internal_ledger/internal_ledger/20260928T203112.csv
T20260928T20311200570,C005,XAG,BUY,34,483.34,605.46,USD,2026-09-28T20:31:12.379271+00:00,20260928T203112,2026-09-28 13:28:14.155000,Huda,P005,2026-09-28,internal_ledger/internal_ledger/20260928T203112.csv
T20260928T20311200571,C016,VOD,SELL,205,401.91,557.87,USD,2026-09-28T20:31:12.379271+00:00,20260928T203112,2026-09-28 13:28:14.155000,Noura,P007,2026-09-28,internal_ledger/internal_ledger/20260928T203112.csv
T20260928T20311200572,C004,IBM,SELL,163,492.47,562.59,USD,2026-09-28T20:31:12.379271+00:00,20260928T203112,2026-09-28 13:28:14.155000,Omar,P005,2026-09-28,internal_ledger/internal_ledger/20260928T203112.csv
T20260928T20311200573,C001,VOD,BUY,213,270.65,155.74,USD,2026-09-28T20:31:12.379271+00:00,20260928T203112,2026-09-28 13:28:14.155000,Khalid,P001,2026-09-28,internal_ledger/internal_ledger/20260928T203112.csv
T20260928T20311200574,C012,XAU,BUY,461,268.34,590.57,USD,2026-09-28T20:31:12.379271+00:00,20260928T203112,2026-09-28 13:28:14.155000,Abdullah,P008,2026-09-28,internal_ledger/internal_ledger/20260928T203112.csv
T20260928T20311200575,C003,MSFT,SELL,210,157.75,580.41,USD,2026-09-28T20:31:12.379271+00:00,20260928T203112,2026-09-28 13:28:14.155000,Sara,P002,2026-09-28,internal_ledger/internal_ledger/20260928T203112.csv
T20260928T20311200576,C007,IBM,SELL,16,289.77,445.76,USD,2026-09-28T20:31:12.379271+00:00,20260928T203112,2026-09-28 13:28:14.155000,Faisal,P010,2026-09-28,internal_ledger/internal_ledger/20260928T203112.csv
T20260928T20311200577,C018,XAG,BUY,345,391.45,351.83,USD,2026-09-28T20:31:12.379271+00:00,20260928T203112,2026-09-28 13:28:14.155000,Dana,P006,2026-09-28,internal_ledger/internal_ledger/20260928T203112.csv
T20260928T20311200578,C010,SAP,SELL,86,218.01,596.79,USD,2026-09-28T20:31:12.379271+00:00,20260928T203112,2026-09-28 13:28:14.155000,Amal,P006,2026-09-28,internal_ledger/internal_ledger/20260928T203112.csv
T20260928T20311200579,C004,VOD,SELL,280,71.02,471.58,USD,2026-09-28T20:31:12.379271+00:00,20260928T203112,2026-09-28 13:28:14.155000,Omar,P008,2026-09-28,internal_ledger/internal_ledger/20260928T203112.csv
T20260928T20311200580,C005,VOD,SELL,108,307.05,79.92,USD,2026-09-28T20:31:12.379271+00:00,20260928T203112,2026-09-28 13:28:14.155000,Huda,P009,2026-09-28,internal_ledger/internal_ledger/20260928T203112.csv
T20260928T20311200581,C008,MSFT,SELL,69,123.4,603.38,USD,2026-09-28T20:31:12.379271+00:00,20260928T203112,2026-09-28 13:28:14.155000,Maha,P006,2026-09-28,internal_ledger/internal_ledger/20260928T203112.csv
T20260928T20311200582,C012,XPT,BUY,461,167.73,148.07,USD,2026-09-28T20:31:12.379271+00:00,20260928T203112,2026-09-28 13:28:14.155000,Abdullah,P004,2026-09-28,internal_ledger/internal_ledger/20260928T203112.csv
T20260928T20311200583,C007,XAG,BUY,399,442.56,312.22,USD,2026-09-28T20:31:12.379271+00:00,20260928T203112,2026-09-28 13:28:14.155000,Faisal,P009,2026-09-28,internal_ledger/internal_ledger/20260928T203112.csv
T20260928T20311200584,C002,IBM,SELL,183,414.38,131.21,USD,2026-09-28T20:31:12.379271+00:00,20260928T203112,2026-09-28 13:28:14.155000,Saad,P003,2026-09-28,internal_ledger/internal_ledger/20260928T203112.csv
T20260928T20311200585,C015,MSFT,SELL,194,132.3,179.43,USD,2026-09-28T20:31:12.379271+00:00,20260928T203112,2026-09-28 13:28:14.155000,Yousef,P003,2026-09-28,internal_ledger/internal_ledger/20260928T203112.csv
T20260928T20311200586,C010,IBM,BUY,35,165.61,591.39,USD,2026-09-28T20:31:12.379271+00:00,20260928T203112,2026-09-28 13:28:14.155000,Amal,P010,2026-09-28,internal_ledger/internal_ledger/20260928T203112.csv
T20260928T20311200587,C007,XAU,BUY,31,77.49,20.05,USD,2026-09-28T20:31:12.379271+00:00,20260928T203112,2026-09-28 13:28:14.155000,Faisal,P005,2026-09-28,internal_ledger/internal_ledger/20260928T203112.csv
T20260928T20311200588,C013,VOD,BUY,53,252.48,76.76,USD,2026-09-28T20:31:12.379271+00:00,20260928T203112,2026-09-28 13:28:14.155000,Fahad,P009,2026-09-28,internal_ledger/internal_ledger/20260928T203112.csv
T20260928T20311200589,C019,SAP,SELL,175,142.47,552.24,USD,2026-09-28T20:31:12.379271+00:00,20260928T203112,2026-09-28 13:28:14.155000,Majed,P004,2026-09-28,internal_ledger/internal_ledger/20260928T203112.csv
T20260928T20311200590,C017,IBM,BUY,146,276.18,519.57,USD,2026-09-28T20:31:12.379271+00:00,20260928T203112,2026-09-28 13:28:14.155000,Turki,P006,2026-09-28,internal_ledger/internal_ledger/20260928T203112.csv
T20260928T20311200591,C018,SAP,BUY,155,473.31,38.5,USD,2026-09-28T20:31:12.379271+00:00,20260928T203112,2026-09-28 13:28:14.155000,Dana,P004,2026-09-28,internal_ledger/internal_ledger/20260928T203112.csv
T20260928T20311200592,C013,MSFT,SELL,266,245.97,336.04,USD,2026-09-28T20:31:12.379271+00:00,20260928T203112,2026-09-28 13:28:14.155000,Fahad,P009,2026-09-28,internal_ledger/internal_ledger/20260928T203112.csv
T20260928T20311200593,C009,VOD,SELL,79,238.8,300.31,USD,2026-09-28T20:31:12.379271+00:00,20260928T203112,2026-09-28 13:28:14.155000,Rana,P004,2026-09-28,internal_ledger/internal_ledger/20260928T203112.csv
T20260928T20311200594,C012,VOD,SELL,328,323.65,307.69,USD,2026-09-28T20:31:12.379271+00:00,20260928T203112,2026-09-28 13:28:14.155000,Abdullah,P002,2026-09-28,internal_ledger/internal_ledger/20260928T203112.csv
T20260928T20311200595,C019,SAP,BUY,159,216.33,612.46,USD,2026-09-28T20:31:12.379271+00:00,20260928T203112,2026-09-28 13:28:14.155000,Majed,P007,2026-09-28,internal_ledger/internal_ledger/20260928T203112.csv
T20260928T20311200596,C013,GOOGL,SELL,269,291.84,475.21,USD,2026-09-28T20:31:12.379271+00:00,20260928T203112,2026-09-28 13:28:14.155000,Fahad,P001,2026-09-28,internal_ledger/internal_ledger/20260928T203112.csv
T20260928T20311200597,C019,GOOGL,BUY,107,201.6,148.11,USD,2026-09-28T20:31:12.379271+00:00,20260928T203112,2026-09-28 13:28:14.155000,Majed,P004,2026-09-28,internal_ledger/internal_ledger/20260928T203112.csv
T20260928T20311200598,C003,XAU,BUY,160,158.71,312.35,USD,2026-09-28T20:31:12.379271+00:00,20260928T203112,2026-09-28 13:28:14.155000,Sara,P002,2026-09-28,internal_ledger/internal_ledger/20260928T203112.csv
T20260928T20311200599,C008,XAU,SELL,468,428.89,475.52,USD,2026-09-28T20:31:12.379271+00:00,20260928T203112,2026-09-28 13:28:14.155000,Maha,P009,2026-09-28,internal_ledger/internal_ledger/20260928T203112.csv
T20260928T20311200600,C005,GOOGL,SELL,262,262.75,516.91,USD,2026-09-28T20:31:12.379271+00:00,20260928T203112,2026-09-28 13:28:14.155000,Huda,P010,2026-09-28,internal_ledger/internal_ledger/20260928T203112.csv
T20260928T20311200601,C004,IBM,BUY,465,186.76,316.44,USD,2026-09-28T20:31:12.379271+00:00,20260928T203112,2026-09-28 13:28:14.155000,Omar,P002,2026-09-28,internal_ledger/internal_ledger/20260928T203112.csv
T20260928T20311200602,C013,MSFT,BUY,66,137.58,43.87,USD,2026-09-28T20:31:12.379271+00:00,20260928T203112,2026-09-28 13:28:14.155000,Fahad,P002,2026-09-28,internal_ledger/internal_ledger/20260928T203112.csv
T20260928T20311200603,C011,IBM,BUY,35,246.37,68.68,USD,2026-09-28T20:31:12.379271+00:00,20260928T203112,2026-09-28 13:28:14.155000,Reem,P003,2026-09-28,internal_ledger/internal_ledger/20260928T203112.csv
T20260928T20311200604,C003,GOOGL,BUY,235,95.44,117.28,USD,2026-09-28T20:31:12.379271+00:00,20260928T203112,2026-09-28 13:28:14.155000,Sara,P005,2026-09-28,internal_ledger/internal_ledger/20260928T203112.csv
T20260928T20311200605,C019,SAP,SELL,467,428.7,218.61,USD,2026-09-28T20:31:12.379271+00:00,20260928T203112,2026-09-28 13:28:14.155000,Majed,P006,2026-09-28,internal_ledger/internal_ledger/20260928T203112.csv
T20260928T20311200606,C009,MSFT,SELL,393,472.96,461.38,USD,2026-09-28T20:31:12.379271+00:00,20260928T203112,2026-09-28 13:28:14.155000,Rana,P002,2026-09-28,internal_ledger/internal_ledger/20260928T203112.csv
T20260928T20311200607,C004,MSFT,BUY,267,421.65,544.78,USD,2026-09-28T20:31:12.379271+00:00,20260928T203112,2026-09-28 13:28:14.155000,Omar,P007,2026-09-28,internal_ledger/internal_ledger/20260928T203112.csv
T20260928T20311200608,C004,XAG,SELL,300,480.33,58.33,USD,2026-09-28T20:31:12.379271+00:00,20260928T203112,2026-09-28 13:28:14.155000,Omar,P010,2026-09-28,internal_ledger/internal_ledger/20260928T203112.csv
T20260928T20311200609,C012,XAG,BUY,31,472.54,162.71,USD,2026-09-28T20:31:12.379271+00:00,20260928T203112,2026-09-28 13:28:14.155000,Abdullah,P010,2026-09-28,internal_ledger/internal_ledger/20260928T203112.csv
T20260928T20311200610,C009,XAG,SELL,260,97.84,258.0,USD,2026-09-28T20:31:12.379271+00:00,20260928T203112,2026-09-28 13:28:14.155000,Rana,P004,2026-09-28,internal_ledger/internal_ledger/20260928T203112.csv
T20260928T20311200611,C012,GOOGL,SELL,220,474.53,578.27,USD,2026-09-28T20:31:12.379271+00:00,20260928T203112,2026-09-28 13:28:14.155000,Abdullah,P002,2026-09-28,internal_ledger/internal_ledger/20260928T203112.csv
T20260928T20311200612,C009,XAG,SELL,273,143.89,525.17,USD,2026-09-28T20:31:12.379271+00:00,20260928T203112,2026-09-28 13:28:14.155000,Rana,P009,2026-09-28,internal_ledger/internal_ledger/20260928T203112.csv
T20260928T20311200613,C017,GOOGL,SELL,456,461.6,527.13,USD,2026-09-28T20:31:12.379271+00:00,20260928T203112,2026-09-28 13:28:14.155000,Turki,P009,2026-09-28,internal_ledger/internal_ledger/20260928T203112.csv
T20260928T20311200614,C013,MSFT,BUY,190,241.39,599.46,USD,2026-09-28T20:31:12.379271+00:00,20260928T203112,2026-09-28 13:28:14.155000,Fahad,P010,2026-09-28,internal_ledger/internal_ledger/20260928T203112.csv
T20260928T20311200615,C016,XAU,SELL,405,279.79,531.71,USD,2026-09-28T20:31:12.379271+00:00,20260928T203112,2026-09-28 13:28:14.155000,Noura,P003,2026-09-28,internal_ledger/internal_ledger/20260928T203112.csv
T20260928T20311200616,C012,XAU,BUY,230,484.21,591.65,USD,2026-09-28T20:31:12.379271+00:00,20260928T203112,2026-09-28 13:28:14.155000,Abdullah,P008,2026-09-28,internal_ledger/internal_ledger/20260928T203112.csv
T20260928T20311200617,C018,XAU,SELL,352,460.39,340.71,USD,2026-09-28T20:31:12.379271+00:00,20260928T203112,2026-09-28 13:28:14.155000,Dana,P003,2026-09-28,internal_ledger/internal_ledger/20260928T203112.csv
T20260928T20311200618,C004,VOD,SELL,42,350.77,591.02,USD,2026-09-28T20:31:12.379271+00:00,20260928T203112,2026-09-28 13:28:14.155000,Omar,P002,2026-09-28,internal_ledger/internal_ledger/20260928T203112.csv
T20260928T20311200619,C015,XAG,SELL,157,109.61,421.95,USD,2026-09-28T20:31:12.379271+00:00,20260928T203112,2026-09-28 13:28:14.155000,Yousef,P003,2026-09-28,internal_ledger/internal_ledger/20260928T203112.csv
T20260928T20311200620,C010,MSFT,SELL,458,349.48,564.57,USD,2026-09-28T20:31:12.379271+00:00,20260928T203112,2026-09-28 13:28:14.155000,Amal,P003,2026-09-28,internal_ledger/internal_ledger/20260928T203112.csv
T20260928T20311200621,C004,IBM,BUY,328,159.32,192.26,USD,2026-09-28T20:31:12.379271+00:00,20260928T203112,2026-09-28 13:28:14.155000,Omar,P009,2026-09-28,internal_ledger/internal_ledger/20260928T203112.csv
T20260928T20311200622,C013,XAG,BUY,445,88.6,120.31,USD,2026-09-28T20:31:12.379271+00:00,20260928T203112,2026-09-28 13:28:14.155000,Fahad,P008,2026-09-28,internal_ledger/internal_ledger/20260928T203112.csv
T20260928T20311200623,C013,GOOGL,SELL,265,250.35,549.87,USD,2026-09-28T20:31:12.379271+00:00,20260928T203112,2026-09-28 13:28:14.155000,Fahad,P004,2026-09-28,internal_ledger/internal_ledger/20260928T203112.csv
T20260928T20311200624,C009,VOD,BUY,279,101.43,307.24,USD,2026-09-28T20:31:12.379271+00:00,20260928T203112,2026-09-28 13:28:14.155000,Rana,P003,2026-09-28,internal_ledger/internal_ledger/20260928T203112.csv
T20260928T20311200625,C005,MSFT,SELL,430,268.8,53.77,USD,2026-09-28T20:31:12.379271+00:00,20260928T203112,2026-09-28 13:28:14.155000,Huda,P010,2026-09-28,internal_ledger/internal_ledger/20260928T203112.csv
T20260928T20311200626,C020,MSFT,SELL,76,410.99,240.53,USD,2026-09-28T20:31:12.379271+00:00,20260928T203112,2026-09-28 13:28:14.155000,Hind,P009,2026-09-28,internal_ledger/internal_ledger/20260928T203112.csv
T20260928T20311200627,C014,XPT,SELL,280,378.99,139.99,USD,2026-09-28T20:31:12.379271+00:00,20260928T203112,2026-09-28 13:28:14.155000,Lama,P002,2026-09-28,internal_ledger/internal_ledger/20260928T203112.csv
T20260928T20311200628,C002,XAU,SELL,96,90.3,474.94,USD,2026-09-28T20:31:12.379271+00:00,20260928T203112,2026-09-28 13:28:14.155000,Saad,P008,2026-09-28,internal_ledger/internal_ledger/20260928T203112.csv
T20260928T20311200629,C012,SAP,BUY,424,334.68,576.52,USD,2026-09-28T20:31:12.379271+00:00,20260928T203112,2026-09-28 13:28:14.155000,Abdullah,P008,2026-09-28,internal_ledger/internal_ledger/20260928T203112.csv
T20260928T20311200630,C019,IBM,BUY,40,126.81,94.71,USD,2026-09-28T20:31:12.379271+00:00,20260928T203112,2026-09-28 13:28:14.155000,Majed,P005,2026-09-28,internal_ledger/internal_ledger/20260928T203112.csv
T20260928T20311200631,C013,IBM,SELL,227,286.29,357.85,USD,2026-09-28T20:31:12.379271+00:00,20260928T203112,2026-09-28 13:28:14.155000,Fahad,P003,2026-09-28,internal_ledger/internal_ledger/20260928T203112.csv
T20260928T20311200632,C005,SAP,SELL,450,253.94,418.23,USD,2026-09-28T20:31:12.379271+00:00,20260928T203112,2026-09-28 13:28:14.155000,Huda,P003,2026-09-28,internal_ledger/internal_ledger/20260928T203112.csv
T20260928T20311200633,C018,XPT,SELL,42,285.11,124.07,USD,2026-09-28T20:31:12.379271+00:00,20260928T203112,2026-09-28 13:28:14.155000,Dana,P003,2026-09-28,internal_ledger/internal_ledger/20260928T203112.csv
T20260928T20311200634,C012,SAP,SELL,161,455.18,182.53,USD,2026-09-28T20:31:12.379271+00:00,20260928T203112,2026-09-28 13:28:14.155000,Abdullah,P009,2026-09-28,internal_ledger/internal_ledger/20260928T203112.csv
T20260928T20311200635,C017,XAU,SELL,339,101.97,363.4,USD,2026-09-28T20:31:12.379271+00:00,20260928T203112,2026-09-28 13:28:14.155000,Turki,P009,2026-09-28,internal_ledger/internal_ledger/20260928T203112.csv
T20260928T20311200636,C016,XAG,SELL,261,218.57,508.9,USD,2026-09-28T20:31:12.379271+00:00,20260928T203112,2026-09-28 13:28:14.155000,Noura,P001,2026-09-28,internal_ledger/internal_ledger/20260928T203112.csv
T20260928T20311200637,C001,XPT,SELL,407,337.95,300.6,USD,2026-09-28T20:31:12.379271+00:00,20260928T203112,2026-09-28 13:28:14.155000,Khalid,P006,2026-09-28,internal_ledger/internal_ledger/20260928T203112.csv
T20260928T20311200638,C002,XAU,BUY,96,472.63,572.18,USD,2026-09-28T20:31:12.379271+00:00,20260928T203112,2026-09-28 13:28:14.155000,Saad,P010,2026-09-28,internal_ledger/internal_ledger/20260928T203112.csv
T20260928T20311200639,C014,SAP,SELL,143,393.85,184.7,USD,2026-09-28T20:31:12.379271+00:00,20260928T203112,2026-09-28 13:28:14.155000,Lama,P010,2026-09-28,internal_ledger/internal_ledger/20260928T203112.csv
T20260928T20311200640,C014,XAU,BUY,79,75.05,609.52,USD,2026-09-28T20:31:12.379271+00:00,20260928T203112,2026-09-28 13:28:14.155000,Lama,P008,2026-09-28,internal_ledger/internal_ledger/20260928T203112.csv
T20260928T20311200641,C014,VOD,BUY,367,269.0,15.85,USD,2026-09-28T20:31:12.379271+00:00,20260928T203112,2026-09-28 13:28:14.155000,Lama,P007,2026-09-28,internal_ledger/internal_ledger/20260928T203112.csv
T20260928T20311200642,C001,MSFT,BUY,85,415.38,460.63,USD,2026-09-28T20:31:12.379271+00:00,20260928T203112,2026-09-28 13:28:14.155000,Khalid,P008,2026-09-28,internal_ledger/internal_ledger/20260928T203112.csv
T20260928T20311200643,C009,VOD,SELL,243,229.85,204.01,USD,2026-09-28T20:31:12.379271+00:00,20260928T203112,2026-09-28 13:28:14.155000,Rana,P006,2026-09-28,internal_ledger/internal_ledger/20260928T203112.csv
T20260928T20311200644,C005,IBM,SELL,414,470.54,145.13,USD,2026-09-28T20:31:12.379271+00:00,20260928T203112,2026-09-28 13:28:14.155000,Huda,P002,2026-09-28,internal_ledger/internal_ledger/20260928T203112.csv
T20260928T20311200645,C013,XAU,BUY,406,130.51,634.9,USD,2026-09-28T20:31:12.379271+00:00,20260928T203112,2026-09-28 13:28:14.155000,Fahad,P010,2026-09-28,internal_ledger/internal_ledger/20260928T203112.csv
T20260928T20311200646,C002,XPT,BUY,55,182.84,537.89,USD,2026-09-28T20:31:12.379271+00:00,20260928T203112,2026-09-28 13:28:14.155000,Saad,P005,2026-09-28,internal_ledger/internal_ledger/20260928T203112.csv
T20260928T20311200647,C006,IBM,BUY,264,433.91,325.42,USD,2026-09-28T20:31:12.379271+00:00,20260928T203112,2026-09-28 13:28:14.155000,Aisha,P001,2026-09-28,internal_ledger/internal_ledger/20260928T203112.csv
T20260928T20311200648,C018,MSFT,SELL,209,77.08,166.49,USD,2026-09-28T20:31:12.379271+00:00,20260928T203112,2026-09-28 13:28:14.155000,Dana,P010,2026-09-28,internal_ledger/internal_ledger/20260928T203112.csv
T20260928T20311200649,C010,XPT,SELL,144,141.42,98.2,USD,2026-09-28T20:31:12.379271+00:00,20260928T203112,2026-09-28 13:28:14.155000,Amal,P005,2026-09-28,internal_ledger/internal_ledger/20260928T203112.csv
T20260928T20311200650,C006,VOD,SELL,196,129.85,15.97,USD,2026-09-28T20:31:12.379271+00:00,20260928T203112,2026-09-28 13:28:14.155000,Aisha,P008,2026-09-28,internal_ledger/internal_ledger/20260928T203112.csv
T20260928T20311200651,C011,XAU,BUY,476,74.57,413.81,USD,2026-09-28T20:31:12.379271+00:00,20260928T203112,2026-09-28 13:28:14.155000,Reem,P009,2026-09-28,internal_ledger/internal_ledger/20260928T203112.csv
T20260928T20311200652,C019,SAP,BUY,328,409.15,199.79,USD,2026-09-28T20:31:12.379271+00:00,20260928T203112,2026-09-28 13:28:14.155000,Majed,P007,2026-09-28,internal_ledger/internal_ledger/20260928T203112.csv
T20260928T20311200653,C002,XAG,BUY,122,404.08,438.78,USD,2026-09-28T20:31:12.379271+00:00,20260928T203112,2026-09-28 13:28:14.155000,Saad,P007,2026-09-28,internal_ledger/internal_ledger/20260928T203112.csv
T20260928T20311200654,C010,XAU,SELL,179,445.62,491.15,USD,2026-09-28T20:31:12.379271+00:00,20260928T203112,2026-09-28 13:28:14.155000,Amal,P010,2026-09-28,internal_ledger/internal_ledger/20260928T203112.csv
T20260928T20311200655,C007,XPT,SELL,203,481.44,479.02,USD,2026-09-28T20:31:12.379271+00:00,20260928T203112,2026-09-28 13:28:14.155000,Faisal,P005,2026-09-28,internal_ledger/internal_ledger/20260928T203112.csv
T20260928T20311200656,C020,SAP,BUY,359,187.31,373.81,USD,2026-09-28T20:31:12.379271+00:00,20260928T203112,2026-09-28 13:28:14.155000,Hind,P003,2026-09-28,internal_ledger/internal_ledger/20260928T203112.csv
T20260928T20311200657,C007,XPT,SELL,152,423.55,211.28,USD,2026-09-28T20:31:12.379271+00:00,20260928T203112,2026-09-28 13:28:14.155000,Faisal,P010,2026-09-28,internal_ledger/internal_ledger/20260928T203112.csv
T20260928T20311200658,C020,XAG,BUY,38,346.08,497.08,USD,2026-09-28T20:31:12.379271+00:00,20260928T203112,2026-09-28 13:28:14.155000,Hind,P007,2026-09-28,internal_ledger/internal_ledger/20260928T203112.csv
T20260928T20311200659,C002,XPT,SELL,17,340.6,218.33,USD,2026-09-28T20:31:12.379271+00:00,20260928T203112,2026-09-28 13:28:14.155000,Saad,P010,2026-09-28,internal_ledger/internal_ledger/20260928T203112.csv
T20260928T20311200660,C011,SAP,SELL,444,236.13,317.36,USD,2026-09-28T20:31:12.379271+00:00,20260928T203112,2026-09-28 13:28:14.155000,Reem,P002,2026-09-28,internal_ledger/internal_ledger/20260928T203112.csv
T20260928T20311200661,C007,XAU,BUY,281,199.48,522.16,USD,2026-09-28T20:31:12.379271+00:00,20260928T203112,2026-09-28 13:28:14.155000,Faisal,P010,2026-09-28,internal_ledger/internal_ledger/20260928T203112.csv
T20260928T20311200662,C017,MSFT,BUY,432,406.83,410.07,USD,2026-09-28T20:31:12.379271+00:00,20260928T203112,2026-09-28 13:28:14.155000,Turki,P009,2026-09-28,internal_ledger/internal_ledger/20260928T203112.csv
T20260928T20311200663,C011,VOD,SELL,181,341.13,406.59,USD,2026-09-28T20:31:12.379271+00:00,20260928T203112,2026-09-28 13:28:14.155000,Reem,P005,2026-09-28,internal_ledger/internal_ledger/20260928T203112.csv
T20260928T20311200664,C017,XPT,BUY,476,223.7,425.85,USD,2026-09-28T20:31:12.379271+00:00,20260928T203112,2026-09-28 13:28:14.155000,Turki,P004,2026-09-28,internal_ledger/internal_ledger/20260928T203112.csv
T20260928T20311200665,C019,XAU,BUY,445,472.72,248.31,USD,2026-09-28T20:31:12.379271+00:00,20260928T203112,2026-09-28 13:28:14.155000,Majed,P007,2026-09-28,internal_ledger/internal_ledger/20260928T203112.csv
T20260928T20311200666,C019,MSFT,BUY,311,476.1,112.84,USD,2026-09-28T20:31:12.379271+00:00,20260928T203112,2026-09-28 13:28:14.155000,Majed,P002,2026-09-28,internal_ledger/internal_ledger/20260928T203112.csv
T20260928T20311200667,C010,XPT,BUY,16,86.5,277.31,USD,2026-09-28T20:31:12.379271+00:00,20260928T203112,2026-09-28 13:28:14.155000,Amal,P001,2026-09-28,internal_ledger/internal_ledger/20260928T203112.csv
T20260928T20311200668,C012,SAP,BUY,162,99.52,362.08,USD,2026-09-28T20:31:12.379271+00:00,20260928T203112,2026-09-28 13:28:14.155000,Abdullah,P005,2026-09-28,internal_ledger/internal_ledger/20260928T203112.csv
T20260928T20311200669,C001,XAU,SELL,155,188.77,314.31,USD,2026-09-28T20:31:12.379271+00:00,20260928T203112,2026-09-28 13:28:14.155000,Khalid,P002,2026-09-28,internal_ledger/internal_ledger/20260928T203112.csv
T20260928T20311200670,C019,XAG,SELL,358,108.67,300.78,USD,2026-09-28T20:31:12.379271+00:00,20260928T203112,2026-09-28 13:28:14.155000,Majed,P006,2026-09-28,internal_ledger/internal_ledger/20260928T203112.csv
T20260928T20311200671,C018,VOD,SELL,304,395.15,128.58,USD,2026-09-28T20:31:12.379271+00:00,20260928T203112,2026-09-28 13:28:14.155000,Dana,P006,2026-09-28,internal_ledger/internal_ledger/20260928T203112.csv
T20260928T20311200672,C020,XAU,SELL,23,428.34,72.27,USD,2026-09-28T20:31:12.379271+00:00,20260928T203112,2026-09-28 13:28:14.155000,Hind,P005,2026-09-28,internal_ledger/internal_ledger/20260928T203112.csv
T20260928T20311200673,C006,MSFT,BUY,454,73.98,625.4,USD,2026-09-28T20:31:12.379271+00:00,20260928T203112,2026-09-28 13:28:14.155000,Aisha,P007,2026-09-28,internal_ledger/internal_ledger/20260928T203112.csv
T20260928T20311200674,C017,XAU,SELL,348,68.51,514.72,USD,2026-09-28T20:31:12.379271+00:00,20260928T203112,2026-09-28 13:28:14.155000,Turki,P006,2026-09-28,internal_ledger/internal_ledger/20260928T203112.csv
T20260928T20311200675,C018,SAP,BUY,227,166.77,526.61,USD,2026-09-28T20:31:12.379271+00:00,20260928T203112,2026-09-28 13:28:14.155000,Dana,P004,2026-09-28,internal_ledger/internal_ledger/20260928T203112.csv
T20260928T20311200676,C019,XAU,SELL,102,243.25,112.56,USD,2026-09-28T20:31:12.379271+00:00,20260928T203112,2026-09-28 13:28:14.155000,Majed,P010,2026-09-28,internal_ledger/internal_ledger/20260928T203112.csv
T20260928T20311200677,C005,MSFT,SELL,333,76.99,20.23,USD,2026-09-28T20:31:12.379271+00:00,20260928T203112,2026-09-28 13:28:14.155000,Huda,P004,2026-09-28,internal_ledger/internal_ledger/20260928T203112.csv
T20260928T20311200678,C007,VOD,SELL,247,79.66,384.88,USD,2026-09-28T20:31:12.379271+00:00,20260928T203112,2026-09-28 13:28:14.155000,Faisal,P008,2026-09-28,internal_ledger/internal_ledger/20260928T203112.csv
T20260928T20311200679,C001,XAU,BUY,32,163.91,347.61,USD,2026-09-28T20:31:12.379271+00:00,20260928T203112,2026-09-28 13:28:14.155000,Khalid,P008,2026-09-28,internal_ledger/internal_ledger/20260928T203112.csv
T20260928T20311200680,C014,XAU,SELL,364,228.56,557.96,USD,2026-09-28T20:31:12.379271+00:00,20260928T203112,2026-09-28 13:28:14.155000,Lama,P001,2026-09-28,internal_ledger/internal_ledger/20260928T203112.csv
T20260928T20311200681,C020,XPT,BUY,158,306.17,286.87,USD,2026-09-28T20:31:12.379271+00:00,20260928T203112,2026-09-28 13:28:14.155000,Hind,P009,2026-09-28,internal_ledger/internal_ledger/20260928T203112.csv
T20260928T20311200682,C015,XAG,SELL,133,382.87,298.94,USD,2026-09-28T20:31:12.379271+00:00,20260928T203112,2026-09-28 13:28:14.155000,Yousef,P005,2026-09-28,internal_ledger/internal_ledger/20260928T203112.csv
T20260928T20311200683,C012,VOD,SELL,440,280.37,75.95,USD,2026-09-28T20:31:12.379271+00:00,20260928T203112,2026-09-28 13:28:14.155000,Abdullah,P010,2026-09-28,internal_ledger/internal_ledger/20260928T203112.csv
T20260928T20311200684,C013,IBM,BUY,384,178.09,129.66,USD,2026-09-28T20:31:12.379271+00:00,20260928T203112,2026-09-28 13:28:14.155000,Fahad,P004,2026-09-28,internal_ledger/internal_ledger/20260928T203112.csv
T20260928T20311200685,C020,GOOGL,SELL,234,411.51,408.59,USD,2026-09-28T20:31:12.379271+00:00,20260928T203112,2026-09-28 13:28:14.155000,Hind,P001,2026-09-28,internal_ledger/internal_ledger/20260928T203112.csv
T20260928T20311200686,C012,XAU,SELL,295,453.84,484.19,USD,2026-09-28T20:31:12.379271+00:00,20260928T203112,2026-09-28 13:28:14.155000,Abdullah,P010,2026-09-28,internal_ledger/internal_ledger/20260928T203112.csv
T20260928T20311200687,C004,MSFT,SELL,421,230.62,31.95,USD,2026-09-28T20:31:12.379271+00:00,20260928T203112,2026-09-28 13:28:14.155000,Omar,P004,2026-09-28,internal_ledger/internal_ledger/20260928T203112.csv
T20260928T20311200688,C018,VOD,SELL,397,160.78,273.63,USD,2026-09-28T20:31:12.379271+00:00,20260928T203112,2026-09-28 13:28:14.155000,Dana,P008,2026-09-28,internal_ledger/internal_ledger/20260928T203112.csv
T20260928T20311200689,C004,SAP,SELL,50,189.23,200.79,USD,2026-09-28T20:31:12.379271+00:00,20260928T203112,2026-09-28 13:28:14.155000,Omar,P010,2026-09-28,internal_ledger/internal_ledger/20260928T203112.csv
T20260928T20311200690,C006,VOD,BUY,67,149.02,119.09,USD,2026-09-28T20:31:12.379271+00:00,20260928T203112,2026-09-28 13:28:14.155000,Aisha,P008,2026-09-28,internal_ledger/internal_ledger/20260928T203112.csv
T20260928T20311200691,C013,XAU,SELL,230,149.88,488.04,USD,2026-09-28T20:31:12.379271+00:00,20260928T203112,2026-09-28 13:28:14.155000,Fahad,P007,2026-09-28,internal_ledger/internal_ledger/20260928T203112.csv
T20260928T20311200692,C002,IBM,SELL,355,161.44,268.5,USD,2026-09-28T20:31:12.379271+00:00,20260928T203112,2026-09-28 13:28:14.155000,Saad,P004,2026-09-28,internal_ledger/internal_ledger/20260928T203112.csv
T20260928T20311200693,C001,GOOGL,SELL,90,208.74,310.36,USD,2026-09-28T20:31:12.379271+00:00,20260928T203112,2026-09-28 13:28:14.155000,Khalid,P008,2026-09-28,internal_ledger/internal_ledger/20260928T203112.csv
T20260928T20311200694,C005,XAU,BUY,339,342.94,11.56,USD,2026-09-28T20:31:12.379271+00:00,20260928T203112,2026-09-28 13:28:14.155000,Huda,P006,2026-09-28,internal_ledger/internal_ledger/20260928T203112.csv
T20260928T20311200695,C015,XPT,SELL,381,415.15,386.8,USD,2026-09-28T20:31:12.379271+00:00,20260928T203112,2026-09-28 13:28:14.155000,Yousef,P001,2026-09-28,internal_ledger/internal_ledger/20260928T203112.csv
T20260928T20311200696,C001,MSFT,SELL,297,397.43,493.0,USD,2026-09-28T20:31:12.379271+00:00,20260928T203112,2026-09-28 13:28:14.155000,Khalid,P006,2026-09-28,internal_ledger/internal_ledger/20260928T203112.csv
T20260928T20311200697,C008,VOD,BUY,400,198.31,391.77,USD,2026-09-28T20:31:12.379271+00:00,20260928T203112,2026-09-28 13:28:14.155000,Maha,P001,2026-09-28,internal_ledger/internal_ledger/20260928T203112.csv
T20260928T20311200698,C012,MSFT,BUY,49,133.83,170.79,USD,2026-09-28T20:31:12.379271+00:00,20260928T203112,2026-09-28 13:28:14.155000,Abdullah,P003,2026-09-28,internal_ledger/internal_ledger/20260928T203112.csv
T20260928T20311200699,C004,XAG,BUY,12,174.73,447.35,USD,2026-09-28T20:31:12.379271+00:00,20260928T203112,2026-09-28 13:28:14.155000,Omar,P006,2026-09-28,internal_ledger/internal_ledger/20260928T203112.csv
T20260928T20311200700,C018,GOOGL,BUY,483,382.38,62.76,USD,2026-09-28T20:31:12.379271+00:00,20260928T203112,2026-09-28 13:28:14.155000,Dana,P007,2026-09-28,internal_ledger/internal_ledger/20260928T203112.csv
T20260928T20311200701,C015,XPT,SELL,197,390.71,231.22,USD,2026-09-28T20:31:12.379271+00:00,20260928T203112,2026-09-28 13:28:14.155000,Yousef,P004,2026-09-28,internal_ledger/internal_ledger/20260928T203112.csv
T20260928T20311200702,C006,XAG,SELL,289,349.93,516.55,USD,2026-09-28T20:31:12.379271+00:00,20260928T203112,2026-09-28 13:28:14.155000,Aisha,P002,2026-09-28,internal_ledger/internal_ledger/20260928T203112.csv
T20260928T20311200703,C001,XAG,BUY,360,153.52,362.43,USD,2026-09-28T20:31:12.379271+00:00,20260928T203112,2026-09-28 13:28:14.155000,Khalid,P003,2026-09-28,internal_ledger/internal_ledger/20260928T203112.csv
T20260928T20311200704,C016,IBM,BUY,262,338.08,615.15,USD,2026-09-28T20:31:12.379271+00:00,20260928T203112,2026-09-28 13:28:14.155000,Noura,P008,2026-09-28,internal_ledger/internal_ledger/20260928T203112.csv
T20260928T20311200705,C006,SAP,SELL,267,412.09,127.66,USD,2026-09-28T20:31:12.379271+00:00,20260928T203112,2026-09-28 13:28:14.155000,Aisha,P001,2026-09-28,internal_ledger/internal_ledger/20260928T203112.csv
T20260928T20311200706,C001,XPT,SELL,295,473.08,369.53,USD,2026-09-28T20:31:12.379271+00:00,20260928T203112,2026-09-28 13:28:14.155000,Khalid,P009,2026-09-28,internal_ledger/internal_ledger/20260928T203112.csv
T20260928T20311200707,C014,VOD,BUY,350,468.62,240.96,USD,2026-09-28T20:31:12.379271+00:00,20260928T203112,2026-09-28 13:28:14.155000,Lama,P009,2026-09-28,internal_ledger/internal_ledger/20260928T203112.csv
T20260928T20311200708,C018,SAP,SELL,98,403.85,136.12,USD,2026-09-28T20:31:12.379271+00:00,20260928T203112,2026-09-28 13:28:14.155000,Dana,P003,2026-09-28,internal_ledger/internal_ledger/20260928T203112.csv
T20260928T20311200709,C005,XAG,BUY,26,259.64,437.85,USD,2026-09-28T20:31:12.379271+00:00,20260928T203112,2026-09-28 13:28:14.155000,Huda,P007,2026-09-28,internal_ledger/internal_ledger/20260928T203112.csv
T20260928T20311200710,C019,MSFT,SELL,376,328.51,450.81,USD,2026-09-28T20:31:12.379271+00:00,20260928T203112,2026-09-28 13:28:14.155000,Majed,P002,2026-09-28,internal_ledger/internal_ledger/20260928T203112.csv
T20260928T20311200711,C018,MSFT,SELL,335,411.1,212.85,USD,2026-09-28T20:31:12.379271+00:00,20260928T203112,2026-09-28 13:28:14.155000,Dana,P009,2026-09-28,internal_ledger/internal_ledger/20260928T203112.csv
T20260928T20311200712,C006,IBM,SELL,99,380.3,330.33,USD,2026-09-28T20:31:12.379271+00:00,20260928T203112,2026-09-28 13:28:14.155000,Aisha,P009,2026-09-28,internal_ledger/internal_ledger/20260928T203112.csv
T20260928T20311200713,C006,XAU,SELL,161,393.64,353.83,USD,2026-09-28T20:31:12.379271+00:00,20260928T203112,2026-09-28 13:28:14.155000,Aisha,P003,2026-09-28,internal_ledger/internal_ledger/20260928T203112.csv
T20260928T20311200714,C020,XPT,BUY,320,342.5,42.31,USD,2026-09-28T20:31:12.379271+00:00,20260928T203112,2026-09-28 13:28:14.155000,Hind,P010,2026-09-28,internal_ledger/internal_ledger/20260928T203112.csv
T20260928T20311200715,C005,XAU,SELL,361,115.41,556.27,USD,2026-09-28T20:31:12.379271+00:00,20260928T203112,2026-09-28 13:28:14.155000,Huda,P005,2026-09-28,internal_ledger/internal_ledger/20260928T203112.csv
T20260928T20311200716,C008,IBM,BUY,223,273.12,494.0,USD,2026-09-28T20:31:12.379271+00:00,20260928T203112,2026-09-28 13:28:14.155000,Maha,P001,2026-09-28,internal_ledger/internal_ledger/20260928T203112.csv
T20260928T20311200717,C013,XAG,SELL,96,282.6,615.65,USD,2026-09-28T20:31:12.379271+00:00,20260928T203112,2026-09-28 13:28:14.155000,Fahad,P003,2026-09-28,internal_ledger/internal_ledger/20260928T203112.csv
T20260928T20311200718,C006,GOOGL,BUY,186,110.35,590.96,USD,2026-09-28T20:31:12.379271+00:00,20260928T203112,2026-09-28 13:28:14.155000,Aisha,P002,2026-09-28,internal_ledger/internal_ledger/20260928T203112.csv
T20260928T20311200719,C018,VOD,BUY,10,462.59,302.2,USD,2026-09-28T20:31:12.379271+00:00,20260928T203112,2026-09-28 13:28:14.155000,Dana,P007,2026-09-28,internal_ledger/internal_ledger/20260928T203112.csv
T20260928T20311200720,C019,XAG,SELL,203,323.6,419.18,USD,2026-09-28T20:31:12.379271+00:00,20260928T203112,2026-09-28 13:28:14.155000,Majed,P007,2026-09-28,internal_ledger/internal_ledger/20260928T203112.csv
T20260928T20311200721,C009,IBM,SELL,365,343.52,571.99,USD,2026-09-28T20:31:12.379271+00:00,20260928T203112,2026-09-28 13:28:14.155000,Rana,P008,2026-09-28,internal_ledger/internal_ledger/20260928T203112.csv
T20260928T20311200722,C018,VOD,BUY,367,83.89,347.62,USD,2026-09-28T20:31:12.379271+00:00,20260928T203112,2026-09-28 13:28:14.155000,Dana,P007,2026-09-28,internal_ledger/internal_ledger/20260928T203112.csv
T20260928T20311200723,C001,XAU,SELL,109,367.97,195.8,USD,2026-09-28T20:31:12.379271+00:00,20260928T203112,2026-09-28 13:28:14.155000,Khalid,P010,2026-09-28,internal_ledger/internal_ledger/20260928T203112.csv
T20260928T20311200724,C008,XAU,BUY,307,480.19,630.69,USD,2026-09-28T20:31:12.379271+00:00,20260928T203112,2026-09-28 13:28:14.155000,Maha,P008,2026-09-28,internal_ledger/internal_ledger/20260928T203112.csv
T20260928T20311200725,C019,XAU,BUY,23,236.48,11.1,USD,2026-09-28T20:31:12.379271+00:00,20260928T203112,2026-09-28 13:28:14.155000,Majed,P006,2026-09-28,internal_ledger/internal_ledger/20260928T203112.csv
T20260928T20311200726,C015,XAG,SELL,152,304.42,353.94,USD,2026-09-28T20:31:12.379271+00:00,20260928T203112,2026-09-28 13:28:14.155000,Yousef,P003,2026-09-28,internal_ledger/internal_ledger/20260928T203112.csv
T20260928T20311200727,C002,IBM,SELL,330,75.11,372.96,USD,2026-09-28T20:31:12.379271+00:00,20260928T203112,2026-09-28 13:28:14.155000,Saad,P010,2026-09-28,internal_ledger/internal_ledger/20260928T203112.csv
T20260928T20311200728,C007,IBM,SELL,339,110.03,578.73,USD,2026-09-28T20:31:12.379271+00:00,20260928T203112,2026-09-28 13:28:14.155000,Faisal,P002,2026-09-28,internal_ledger/internal_ledger/20260928T203112.csv
T20260928T20311200729,C009,GOOGL,SELL,192,145.19,88.74,USD,2026-09-28T20:31:12.379271+00:00,20260928T203112,2026-09-28 13:28:14.155000,Rana,P002,2026-09-28,internal_ledger/internal_ledger/20260928T203112.csv
T20260928T20311200730,C018,XAG,BUY,24,413.97,398.44,USD,2026-09-28T20:31:12.379271+00:00,20260928T203112,2026-09-28 13:28:14.155000,Dana,P008,2026-09-28,internal_ledger/internal_ledger/20260928T203112.csv
T20260928T20311200731,C006,XAG,BUY,327,157.9,221.05,USD,2026-09-28T20:31:12.379271+00:00,20260928T203112,2026-09-28 13:28:14.155000,Aisha,P003,2026-09-28,internal_ledger/internal_ledger/20260928T203112.csv
T20260928T20311200732,C006,XAU,SELL,364,403.1,129.79,USD,2026-09-28T20:31:12.379271+00:00,20260928T203112,2026-09-28 13:28:14.155000,Aisha,P002,2026-09-28,internal_ledger/internal_ledger/20260928T203112.csv
T20260928T20311200733,C014,XAU,SELL,447,473.55,633.38,USD,2026-09-28T20:31:12.379271+00:00,20260928T203112,2026-09-28 13:28:14.155000,Lama,P001,2026-09-28,internal_ledger/internal_ledger/20260928T203112.csv
T20260928T20311200734,C010,XAU,SELL,127,418.92,336.73,USD,2026-09-28T20:31:12.379271+00:00,20260928T203112,2026-09-28 13:28:14.155000,Amal,P005,2026-09-28,internal_ledger/internal_ledger/20260928T203112.csv
T20260928T20311200735,C006,SAP,BUY,129,303.82,335.11,USD,2026-09-28T20:31:12.379271+00:00,20260928T203112,2026-09-28 13:28:14.155000,Aisha,P003,2026-09-28,internal_ledger/internal_ledger/20260928T203112.csv
T20260928T20311200736,C002,IBM,SELL,339,465.66,279.43,USD,2026-09-28T20:31:12.379271+00:00,20260928T203112,2026-09-28 13:28:14.155000,Saad,P007,2026-09-28,internal_ledger/internal_ledger/20260928T203112.csv
T20260928T20311200737,C005,VOD,BUY,200,236.41,258.66,USD,2026-09-28T20:31:12.379271+00:00,20260928T203112,2026-09-28 13:28:14.155000,Huda,P009,2026-09-28,internal_ledger/internal_ledger/20260928T203112.csv
T20260928T20311200738,C011,IBM,BUY,120,491.63,126.63,USD,2026-09-28T20:31:12.379271+00:00,20260928T203112,2026-09-28 13:28:14.155000,Reem,P008,2026-09-28,internal_ledger/internal_ledger/20260928T203112.csv
T20260928T20311200739,C018,XAG,SELL,428,448.67,222.51,USD,2026-09-28T20:31:12.379271+00:00,20260928T203112,2026-09-28 13:28:14.155000,Dana,P005,2026-09-28,internal_ledger/internal_ledger/20260928T203112.csv
T20260928T20311200740,C011,SAP,SELL,302,89.47,81.94,USD,2026-09-28T20:31:12.379271+00:00,20260928T203112,2026-09-28 13:28:14.155000,Reem,P003,2026-09-28,internal_ledger/internal_ledger/20260928T203112.csv
T20260928T20311200741,C014,IBM,SELL,20,347.32,98.06,USD,2026-09-28T20:31:12.379271+00:00,20260928T203112,2026-09-28 13:28:14.155000,Lama,P004,2026-09-28,internal_ledger/internal_ledger/20260928T203112.csv
T20260928T20311200742,C018,SAP,SELL,440,88.37,614.25,USD,2026-09-28T20:31:12.379271+00:00,20260928T203112,2026-09-28 13:28:14.155000,Dana,P004,2026-09-28,internal_ledger/internal_ledger/20260928T203112.csv
T20260928T20311200743,C007,IBM,BUY,91,159.03,98.68,USD,2026-09-28T20:31:12.379271+00:00,20260928T203112,2026-09-28 13:28:14.155000,Faisal,P004,2026-09-28,internal_ledger/internal_ledger/20260928T203112.csv
T20260928T20311200744,C010,XAU,BUY,396,240.62,170.11,USD,2026-09-28T20:31:12.379271+00:00,20260928T203112,2026-09-28 13:28:14.155000,Amal,P009,2026-09-28,internal_ledger/internal_ledger/20260928T203112.csv
T20260928T20311200745,C010,SAP,BUY,67,292.24,576.66,USD,2026-09-28T20:31:12.379271+00:00,20260928T203112,2026-09-28 13:28:14.155000,Amal,P008,2026-09-28,internal_ledger/internal_ledger/20260928T203112.csv
T20260928T20311200746,C010,VOD,BUY,246,277.62,505.59,USD,2026-09-28T20:31:12.379271+00:00,20260928T203112,2026-09-28 13:28:14.155000,Amal,P004,2026-09-28,internal_ledger/internal_ledger/20260928T203112.csv
T20260928T20311200747,C013,IBM,BUY,124,76.77,146.32,USD,2026-09-28T20:31:12.379271+00:00,20260928T203112,2026-09-28 13:28:14.155000,Fahad,P003,2026-09-28,internal_ledger/internal_ledger/20260928T203112.csv
T20260928T20311200748,C006,XPT,BUY,330,322.19,288.3,USD,2026-09-28T20:31:12.379271+00:00,20260928T203112,2026-09-28 13:28:14.155000,Aisha,P006,2026-09-28,internal_ledger/internal_ledger/20260928T203112.csv
T20260928T20311200749,C020,GOOGL,BUY,166,287.61,135.64,USD,2026-09-28T20:31:12.379271+00:00,20260928T203112,2026-09-28 13:28:14.155000,Hind,P007,2026-09-28,internal_ledger/internal_ledger/20260928T203112.csv
T20260928T20311200750,C012,XAG,SELL,133,110.82,565.49,USD,2026-09-28T20:31:12.379271+00:00,20260928T203112,2026-09-28 13:28:14.155000,Abdullah,P001,2026-09-28,internal_ledger/internal_ledger/20260928T203112.csv
T20260928T20311200751,C016,SAP,SELL,22,122.91,587.7,USD,2026-09-28T20:31:12.379271+00:00,20260928T203112,2026-09-28 13:28:14.155000,Noura,P005,2026-09-28,internal_ledger/internal_ledger/20260928T203112.csv
T20260928T20311200752,C017,GOOGL,BUY,23,168.55,471.64,USD,2026-09-28T20:31:12.379271+00:00,20260928T203112,2026-09-28 13:28:14.155000,Turki,P001,2026-09-28,internal_ledger/internal_ledger/20260928T203112.csv
T20260928T20311200753,C007,SAP,SELL,233,445.19,153.03,USD,2026-09-28T20:31:12.379271+00:00,20260928T203112,2026-09-28 13:28:14.155000,Faisal,P009,2026-09-28,internal_ledger/internal_ledger/20260928T203112.csv
T20260928T20311200754,C018,XPT,BUY,69,124.61,177.93,USD,2026-09-28T20:31:12.379271+00:00,20260928T203112,2026-09-28 13:28:14.155000,Dana,P010,2026-09-28,internal_ledger/internal_ledger/20260928T203112.csv
T20260928T20311200755,C020,IBM,BUY,414,186.07,375.92,USD,2026-09-28T20:31:12.379271+00:00,20260928T203112,2026-09-28 13:28:14.155000,Hind,P007,2026-09-28,internal_ledger/internal_ledger/20260928T203112.csv
T20260928T20311200756,C016,XAU,BUY,264,408.44,452.4,USD,2026-09-28T20:31:12.379271+00:00,20260928T203112,2026-09-28 13:28:14.155000,Noura,P007,2026-09-28,internal_ledger/internal_ledger/20260928T203112.csv
T20260928T20311200757,C004,SAP,SELL,247,489.05,198.21,USD,2026-09-28T20:31:12.379271+00:00,20260928T203112,2026-09-28 13:28:14.155000,Omar,P010,2026-09-28,internal_ledger/internal_ledger/20260928T203112.csv
T20260928T20311200758,C016,VOD,BUY,390,76.89,625.57,USD,2026-09-28T20:31:12.379271+00:00,20260928T203112,2026-09-28 13:28:14.155000,Noura,P010,2026-09-28,internal_ledger/internal_ledger/20260928T203112.csv
T20260928T20311200759,C020,SAP,SELL,374,426.15,526.34,USD,2026-09-28T20:31:12.379271+00:00,20260928T203112,2026-09-28 13:28:14.155000,Hind,P009,2026-09-28,internal_ledger/internal_ledger/20260928T203112.csv
T20260928T20311200760,C009,XAU,BUY,202,266.84,64.14,USD,2026-09-28T20:31:12.379271+00:00,20260928T203112,2026-09-28 13:28:14.155000,Rana,P004,2026-09-28,internal_ledger/internal_ledger/20260928T203112.csv
T20260928T20311200761,C009,XPT,BUY,329,107.16,437.71,USD,2026-09-28T20:31:12.379271+00:00,20260928T203112,2026-09-28 13:28:14.155000,Rana,P003,2026-09-28,internal_ledger/internal_ledger/20260928T203112.csv
T20260928T20311200762,C020,MSFT,SELL,64,123.34,424.07,USD,2026-09-28T20:31:12.379271+00:00,20260928T203112,2026-09-28 13:28:14.155000,Hind,P002,2026-09-28,internal_ledger/internal_ledger/20260928T203112.csv
T20260928T20311200763,C007,XPT,BUY,147,129.72,118.76,USD,2026-09-28T20:31:12.379271+00:00,20260928T203112,2026-09-28 13:28:14.155000,Faisal,P007,2026-09-28,internal_ledger/internal_ledger/20260928T203112.csv
T20260928T20311200764,C020,XAU,SELL,255,129.02,286.57,USD,2026-09-28T20:31:12.379271+00:00,20260928T203112,2026-09-28 13:28:14.155000,Hind,P003,2026-09-28,internal_ledger/internal_ledger/20260928T203112.csv
T20260928T20311200765,C019,IBM,BUY,273,418.85,622.87,USD,2026-09-28T20:31:12.379271+00:00,20260928T203112,2026-09-28 13:28:14.155000,Majed,P008,2026-09-28,internal_ledger/internal_ledger/20260928T203112.csv
T20260928T20311200766,C009,XAG,BUY,407,356.1,27.04,USD,2026-09-28T20:31:12.379271+00:00,20260928T203112,2026-09-28 13:28:14.155000,Rana,P005,2026-09-28,internal_ledger/internal_ledger/20260928T203112.csv
T20260928T20311200767,C016,XPT,SELL,12,78.82,430.42,USD,2026-09-28T20:31:12.379271+00:00,20260928T203112,2026-09-28 13:28:14.155000,Noura,P003,2026-09-28,internal_ledger/internal_ledger/20260928T203112.csv
T20260928T20311200768,C002,XPT,SELL,422,354.97,108.56,USD,2026-09-28T20:31:12.379271+00:00,20260928T203112,2026-09-28 13:28:14.155000,Saad,P009,2026-09-28,internal_ledger/internal_ledger/20260928T203112.csv
T20260928T20311200769,C020,GOOGL,SELL,281,389.69,303.07,USD,2026-09-28T20:31:12.379271+00:00,20260928T203112,2026-09-28 13:28:14.155000,Hind,P007,2026-09-28,internal_ledger/internal_ledger/20260928T203112.csv
T20260928T20311200770,C013,VOD,SELL,166,76.53,591.0,USD,2026-09-28T20:31:12.379271+00:00,20260928T203112,2026-09-28 13:28:14.155000,Fahad,P010,2026-09-28,internal_ledger/internal_ledger/20260928T203112.csv
T20260928T20311200771,C014,VOD,SELL,394,220.5,302.38,USD,2026-09-28T20:31:12.379271+00:00,20260928T203112,2026-09-28 13:28:14.155000,Lama,P008,2026-09-28,internal_ledger/internal_ledger/20260928T203112.csv
T20260928T20311200772,C012,IBM,BUY,352,117.58,464.77,USD,2026-09-28T20:31:12.379271+00:00,20260928T203112,2026-09-28 13:28:14.155000,Abdullah,P009,2026-09-28,internal_ledger/internal_ledger/20260928T203112.csv
T20260928T20311200773,C007,XAG,SELL,84,212.99,48.19,USD,2026-09-28T20:31:12.379271+00:00,20260928T203112,2026-09-28 13:28:14.155000,Faisal,P001,2026-09-28,internal_ledger/internal_ledger/20260928T203112.csv
T20260928T20311200774,C013,SAP,SELL,389,204.27,266.33,USD,2026-09-28T20:31:12.379271+00:00,20260928T203112,2026-09-28 13:28:14.155000,Fahad,P010,2026-09-28,internal_ledger/internal_ledger/20260928T203112.csv
T20260928T20311200775,C020,SAP,BUY,85,446.11,409.65,USD,2026-09-28T20:31:12.379271+00:00,20260928T203112,2026-09-28 13:28:14.155000,Hind,P009,2026-09-28,internal_ledger/internal_ledger/20260928T203112.csv
T20260928T20311200776,C011,IBM,SELL,134,445.92,20.31,USD,2026-09-28T20:31:12.379271+00:00,20260928T203112,2026-09-28 13:28:14.155000,Reem,P004,2026-09-28,internal_ledger/internal_ledger/20260928T203112.csv
T20260928T20311200777,C014,GOOGL,SELL,231,173.5,243.0,USD,2026-09-28T20:31:12.379271+00:00,20260928T203112,2026-09-28 13:28:14.155000,Lama,P003,2026-09-28,internal_ledger/internal_ledger/20260928T203112.csv
T20260928T20311200778,C003,XAU,BUY,370,69.35,12.74,USD,2026-09-28T20:31:12.379271+00:00,20260928T203112,2026-09-28 13:28:14.155000,Sara,P002,2026-09-28,internal_ledger/internal_ledger/20260928T203112.csv
T20260928T20311200779,C005,VOD,SELL,307,233.02,394.79,USD,2026-09-28T20:31:12.379271+00:00,20260928T203112,2026-09-28 13:28:14.155000,Huda,P007,2026-09-28,internal_ledger/internal_ledger/20260928T203112.csv
T20260928T20311200780,C003,XAU,BUY,33,310.64,119.78,USD,2026-09-28T20:31:12.379271+00:00,20260928T203112,2026-09-28 13:28:14.155000,Sara,P001,2026-09-28,internal_ledger/internal_ledger/20260928T203112.csv
T20260928T20311200781,C005,VOD,BUY,156,164.13,629.67,USD,2026-09-28T20:31:12.379271+00:00,20260928T203112,2026-09-28 13:28:14.155000,Huda,P008,2026-09-28,internal_ledger/internal_ledger/20260928T203112.csv
T20260928T20311200782,C005,XPT,SELL,24,323.39,106.92,USD,2026-09-28T20:31:12.379271+00:00,20260928T203112,2026-09-28 13:28:14.155000,Huda,P006,2026-09-28,internal_ledger/internal_ledger/20260928T203112.csv
T20260928T20311200783,C002,XAG,SELL,32,311.91,208.15,USD,2026-09-28T20:31:12.379271+00:00,20260928T203112,2026-09-28 13:28:14.155000,Saad,P008,2026-09-28,internal_ledger/internal_ledger/20260928T203112.csv
T20260928T20311200784,C016,VOD,BUY,404,409.26,482.12,USD,2026-09-28T20:31:12.379271+00:00,20260928T203112,2026-09-28 13:28:14.155000,Noura,P006,2026-09-28,internal_ledger/internal_ledger/20260928T203112.csv
T20260928T20311200785,C014,GOOGL,SELL,372,277.23,586.33,USD,2026-09-28T20:31:12.379271+00:00,20260928T203112,2026-09-28 13:28:14.155000,Lama,P008,2026-09-28,internal_ledger/internal_ledger/20260928T203112.csv
T20260928T20311200786,C007,IBM,BUY,349,179.74,417.94,USD,2026-09-28T20:31:12.379271+00:00,20260928T203112,2026-09-28 13:28:14.155000,Faisal,P007,2026-09-28,internal_ledger/internal_ledger/20260928T203112.csv
T20260928T20311200787,C005,IBM,SELL,89,182.85,232.57,USD,2026-09-28T20:31:12.379271+00:00,20260928T203112,2026-09-28 13:28:14.155000,Huda,P008,2026-09-28,internal_ledger/internal_ledger/20260928T203112.csv
T20260928T20311200788,C012,GOOGL,SELL,469,366.27,378.04,USD,2026-09-28T20:31:12.379271+00:00,20260928T203112,2026-09-28 13:28:14.155000,Abdullah,P008,2026-09-28,internal_ledger/internal_ledger/20260928T203112.csv
T20260928T20311200789,C005,XPT,SELL,87,461.25,423.59,USD,2026-09-28T20:31:12.379271+00:00,20260928T203112,2026-09-28 13:28:14.155000,Huda,P007,2026-09-28,internal_ledger/internal_ledger/20260928T203112.csv
T20260928T20311200790,C008,XAU,BUY,103,450.13,557.02,USD,2026-09-28T20:31:12.379271+00:00,20260928T203112,2026-09-28 13:28:14.155000,Maha,P006,2026-09-28,internal_ledger/internal_ledger/20260928T203112.csv
T20260928T20311200791,C016,GOOGL,BUY,307,229.72,624.86,USD,2026-09-28T20:31:12.379271+00:00,20260928T203112,2026-09-28 13:28:14.155000,Noura,P009,2026-09-28,internal_ledger/internal_ledger/20260928T203112.csv
T20260928T20311200792,C019,XPT,BUY,480,255.36,138.49,USD,2026-09-28T20:31:12.379271+00:00,20260928T203112,2026-09-28 13:28:14.155000,Majed,P007,2026-09-28,internal_ledger/internal_ledger/20260928T203112.csv
T20260928T20311200793,C011,IBM,SELL,341,103.23,635.16,USD,2026-09-28T20:31:12.379271+00:00,20260928T203112,2026-09-28 13:28:14.155000,Reem,P005,2026-09-28,internal_ledger/internal_ledger/20260928T203112.csv
T20260928T20311200794,C020,XAG,SELL,470,453.16,555.59,USD,2026-09-28T20:31:12.379271+00:00,20260928T203112,2026-09-28 13:28:14.155000,Hind,P008,2026-09-28,internal_ledger/internal_ledger/20260928T203112.csv
T20260928T20311200795,C003,XAG,SELL,123,341.47,402.65,USD,2026-09-28T20:31:12.379271+00:00,20260928T203112,2026-09-28 13:28:14.155000,Sara,P006,2026-09-28,internal_ledger/internal_ledger/20260928T203112.csv
T20260928T20311200796,C015,MSFT,SELL,317,313.04,410.69,USD,2026-09-28T20:31:12.379271+00:00,20260928T203112,2026-09-28 13:28:14.155000,Yousef,P005,2026-09-28,internal_ledger/internal_ledger/20260928T203112.csv
T20260928T20311200797,C003,XAU,BUY,243,104.78,156.72,USD,2026-09-28T20:31:12.379271+00:00,20260928T203112,2026-09-28 13:28:14.155000,Sara,P001,2026-09-28,internal_ledger/internal_ledger/20260928T203112.csv
T20260928T20311200798,C010,GOOGL,SELL,277,265.35,19.46,USD,2026-09-28T20:31:12.379271+00:00,20260928T203112,2026-09-28 13:28:14.155000,Amal,P008,2026-09-28,internal_ledger/internal_ledger/20260928T203112.csv
T20260928T20311200799,C014,VOD,BUY,255,227.16,352.73,USD,2026-09-28T20:31:12.379271+00:00,20260928T203112,2026-09-28 13:28:14.155000,Lama,P007,2026-09-28,internal_ledger/internal_ledger/20260928T203112.csv
T20260928T20311200800,C009,VOD,BUY,26,430.52,531.48,USD,2026-09-28T20:31:12.379271+00:00,20260928T203112,2026-09-28 13:28:14.155000,Rana,P001,2026-09-28,internal_ledger/internal_ledger/20260928T203112.csv
T20260928T20311200801,C013,MSFT,BUY,303,92.82,185.47,USD,2026-09-28T20:31:12.379271+00:00,20260928T203112,2026-09-28 13:28:14.155000,Fahad,P002,2026-09-28,internal_ledger/internal_ledger/20260928T203112.csv
T20260928T20311200802,C002,MSFT,BUY,165,88.79,147.64,USD,2026-09-28T20:31:12.379271+00:00,20260928T203112,2026-09-28 13:28:14.155000,Saad,P006,2026-09-28,internal_ledger/internal_ledger/20260928T203112.csv
T20260928T20311200803,C003,IBM,BUY,394,307.65,265.11,USD,2026-09-28T20:31:12.379271+00:00,20260928T203112,2026-09-28 13:28:14.155000,Sara,P007,2026-09-28,internal_ledger/internal_ledger/20260928T203112.csv
T20260928T20311200804,C010,VOD,BUY,177,141.94,578.22,USD,2026-09-28T20:31:12.379271+00:00,20260928T203112,2026-09-28 13:28:14.155000,Amal,P006,2026-09-28,internal_ledger/internal_ledger/20260928T203112.csv
T20260928T20311200805,C011,IBM,SELL,411,148.22,190.25,USD,2026-09-28T20:31:12.379271+00:00,20260928T203112,2026-09-28 13:28:14.155000,Reem,P002,2026-09-28,internal_ledger/internal_ledger/20260928T203112.csv
T20260928T20311200806,C012,SAP,BUY,210,226.0,98.77,USD,2026-09-28T20:31:12.379271+00:00,20260928T203112,2026-09-28 13:28:14.155000,Abdullah,P004,2026-09-28,internal_ledger/internal_ledger/20260928T203112.csv
T20260928T20311200807,C005,MSFT,SELL,31,82.67,390.9,USD,2026-09-28T20:31:12.379271+00:00,20260928T203112,2026-09-28 13:28:14.155000,Huda,P009,2026-09-28,internal_ledger/internal_ledger/20260928T203112.csv
T20260928T20311200808,C020,GOOGL,SELL,234,489.51,106.12,USD,2026-09-28T20:31:12.379271+00:00,20260928T203112,2026-09-28 13:28:14.155000,Hind,P006,2026-09-28,internal_ledger/internal_ledger/20260928T203112.csv
T20260928T20311200809,C013,MSFT,BUY,128,71.61,250.41,USD,2026-09-28T20:31:12.379271+00:00,20260928T203112,2026-09-28 13:28:14.155000,Fahad,P005,2026-09-28,internal_ledger/internal_ledger/20260928T203112.csv
T20260928T20311200810,C007,XAU,SELL,115,147.75,239.58,USD,2026-09-28T20:31:12.379271+00:00,20260928T203112,2026-09-28 13:28:14.155000,Faisal,P007,2026-09-28,internal_ledger/internal_ledger/20260928T203112.csv
T20260928T20311200811,C007,IBM,BUY,416,288.35,619.21,USD,2026-09-28T20:31:12.379271+00:00,20260928T203112,2026-09-28 13:28:14.155000,Faisal,P008,2026-09-28,internal_ledger/internal_ledger/20260928T203112.csv
T20260928T20311200812,C001,SAP,BUY,138,475.14,46.85,USD,2026-09-28T20:31:12.379271+00:00,20260928T203112,2026-09-28 13:28:14.155000,Khalid,P002,2026-09-28,internal_ledger/internal_ledger/20260928T203112.csv
T20260928T20311200813,C008,XAG,BUY,351,387.77,110.66,USD,2026-09-28T20:31:12.379271+00:00,20260928T203112,2026-09-28 13:28:14.155000,Maha,P004,2026-09-28,internal_ledger/internal_ledger/20260928T203112.csv
T20260928T20311200814,C014,IBM,BUY,395,465.81,471.35,USD,2026-09-28T20:31:12.379271+00:00,20260928T203112,2026-09-28 13:28:14.155000,Lama,P003,2026-09-28,internal_ledger/internal_ledger/20260928T203112.csv
T20260928T20311200815,C008,MSFT,SELL,213,436.23,407.43,USD,2026-09-28T20:31:12.379271+00:00,20260928T203112,2026-09-28 13:28:14.155000,Maha,P010,2026-09-28,internal_ledger/internal_ledger/20260928T203112.csv
T20260928T20311200816,C003,IBM,BUY,338,384.44,494.13,USD,2026-09-28T20:31:12.379271+00:00,20260928T203112,2026-09-28 13:28:14.155000,Sara,P002,2026-09-28,internal_ledger/internal_ledger/20260928T203112.csv
T20260928T20311200817,C009,MSFT,BUY,377,105.16,276.67,USD,2026-09-28T20:31:12.379271+00:00,20260928T203112,2026-09-28 13:28:14.155000,Rana,P006,2026-09-28,internal_ledger/internal_ledger/20260928T203112.csv
T20260928T20311200818,C008,XAG,SELL,41,66.52,205.26,USD,2026-09-28T20:31:12.379271+00:00,20260928T203112,2026-09-28 13:28:14.155000,Maha,P001,2026-09-28,internal_ledger/internal_ledger/20260928T203112.csv
T20260928T20311200819,C008,XPT,BUY,380,472.16,114.69,USD,2026-09-28T20:31:12.379271+00:00,20260928T203112,2026-09-28 13:28:14.155000,Maha,P004,2026-09-28,internal_ledger/internal_ledger/20260928T203112.csv
T20260928T20311200820,C002,XAG,BUY,427,242.69,528.06,USD,2026-09-28T20:31:12.379271+00:00,20260928T203112,2026-09-28 13:28:14.155000,Saad,P003,2026-09-28,internal_ledger/internal_ledger/20260928T203112.csv
T20260928T20311200821,C019,IBM,SELL,90,105.11,353.1,USD,2026-09-28T20:31:12.379271+00:00,20260928T203112,2026-09-28 13:28:14.155000,Majed,P001,2026-09-28,internal_ledger/internal_ledger/20260928T203112.csv
T20260928T20311200822,C004,SAP,BUY,371,387.99,119.14,USD,2026-09-28T20:31:12.379271+00:00,20260928T203112,2026-09-28 13:28:14.155000,Omar,P002,2026-09-28,internal_ledger/internal_ledger/20260928T203112.csv
T20260928T20311200823,C010,MSFT,BUY,342,378.25,255.86,USD,2026-09-28T20:31:12.379271+00:00,20260928T203112,2026-09-28 13:28:14.155000,Amal,P002,2026-09-28,internal_ledger/internal_ledger/20260928T203112.csv
T20260928T20311200824,C005,IBM,SELL,73,223.88,99.29,USD,2026-09-28T20:31:12.379271+00:00,20260928T203112,2026-09-28 13:28:14.155000,Huda,P005,2026-09-28,internal_ledger/internal_ledger/20260928T203112.csv
T20260928T20311200825,C012,GOOGL,SELL,133,343.61,555.25,USD,2026-09-28T20:31:12.379271+00:00,20260928T203112,2026-09-28 13:28:14.155000,Abdullah,P002,2026-09-28,internal_ledger/internal_ledger/20260928T203112.csv
T20260928T20311200826,C019,SAP,BUY,12,117.74,225.56,USD,2026-09-28T20:31:12.379271+00:00,20260928T203112,2026-09-28 13:28:14.155000,Majed,P006,2026-09-28,internal_ledger/internal_ledger/20260928T203112.csv
T20260928T20311200827,C001,SAP,BUY,229,451.73,154.35,USD,2026-09-28T20:31:12.379271+00:00,20260928T203112,2026-09-28 13:28:14.155000,Khalid,P004,2026-09-28,internal_ledger/internal_ledger/20260928T203112.csv
T20260928T20311200828,C018,XAG,BUY,356,138.83,595.81,USD,2026-09-28T20:31:12.379271+00:00,20260928T203112,2026-09-28 13:28:14.155000,Dana,P010,2026-09-28,internal_ledger/internal_ledger/20260928T203112.csv
T20260928T20311200829,C011,VOD,SELL,103,150.85,488.2,USD,2026-09-28T20:31:12.379271+00:00,20260928T203112,2026-09-28 13:28:14.155000,Reem,P003,2026-09-28,internal_ledger/internal_ledger/20260928T203112.csv
T20260928T20311200830,C009,IBM,BUY,233,147.63,207.63,USD,2026-09-28T20:31:12.379271+00:00,20260928T203112,2026-09-28 13:28:14.155000,Rana,P009,2026-09-28,internal_ledger/internal_ledger/20260928T203112.csv
T20260928T20311200831,C012,GOOGL,BUY,392,70.05,31.17,USD,2026-09-28T20:31:12.379271+00:00,20260928T203112,2026-09-28 13:28:14.155000,Abdullah,P001,2026-09-28,internal_ledger/internal_ledger/20260928T203112.csv
T20260928T20311200832,C008,XAU,BUY,87,364.07,289.36,USD,2026-09-28T20:31:12.379271+00:00,20260928T203112,2026-09-28 13:28:14.155000,Maha,P003,2026-09-28,internal_ledger/internal_ledger/20260928T203112.csv
T20260928T20311200833,C009,SAP,SELL,235,445.67,319.67,USD,2026-09-28T20:31:12.379271+00:00,20260928T203112,2026-09-28 13:28:14.155000,Rana,P004,2026-09-28,internal_ledger/internal_ledger/20260928T203112.csv
T20260928T20311200834,C019,XAG,BUY,31,230.95,447.21,USD,2026-09-28T20:31:12.379271+00:00,20260928T203112,2026-09-28 13:28:14.155000,Majed,P010,2026-09-28,internal_ledger/internal_ledger/20260928T203112.csv
T20260928T20311200835,C015,SAP,SELL,301,376.21,634.73,USD,2026-09-28T20:31:12.379271+00:00,20260928T203112,2026-09-28 13:28:14.155000,Yousef,P006,2026-09-28,internal_ledger/internal_ledger/20260928T203112.csv
T20260928T20311200836,C011,VOD,SELL,295,140.71,615.55,USD,2026-09-28T20:31:12.379271+00:00,20260928T203112,2026-09-28 13:28:14.155000,Reem,P004,2026-09-28,internal_ledger/internal_ledger/20260928T203112.csv
T20260928T20311200837,C014,MSFT,BUY,86,149.65,248.0,USD,2026-09-28T20:31:12.379271+00:00,20260928T203112,2026-09-28 13:28:14.155000,Lama,P010,2026-09-28,internal_ledger/internal_ledger/20260928T203112.csv
T20260928T20311200838,C020,XAU,BUY,377,203.82,434.3,USD,2026-09-28T20:31:12.379271+00:00,20260928T203112,2026-09-28 13:28:14.155000,Hind,P002,2026-09-28,internal_ledger/internal_ledger/20260928T203112.csv
T20260928T20311200839,C008,IBM,SELL,324,183.26,612.72,USD,2026-09-28T20:31:12.379271+00:00,20260928T203112,2026-09-28 13:28:14.155000,Maha,P002,2026-09-28,internal_ledger/internal_ledger/20260928T203112.csv
T20260928T20311200840,C003,VOD,SELL,189,319.34,187.05,USD,2026-09-28T20:31:12.379271+00:00,20260928T203112,2026-09-28 13:28:14.155000,Sara,P005,2026-09-28,internal_ledger/internal_ledger/20260928T203112.csv
T20260928T20311200841,C013,XPT,BUY,54,216.64,277.66,USD,2026-09-28T20:31:12.379271+00:00,20260928T203112,2026-09-28 13:28:14.155000,Fahad,P008,2026-09-28,internal_ledger/internal_ledger/20260928T203112.csv
T20260928T20311200842,C015,GOOGL,BUY,119,283.86,611.83,USD,2026-09-28T20:31:12.379271+00:00,20260928T203112,2026-09-28 13:28:14.155000,Yousef,P002,2026-09-28,internal_ledger/internal_ledger/20260928T203112.csv
T20260928T20311200843,C002,VOD,SELL,213,272.81,96.96,USD,2026-09-28T20:31:12.379271+00:00,20260928T203112,2026-09-28 13:28:14.155000,Saad,P008,2026-09-28,internal_ledger/internal_ledger/20260928T203112.csv
T20260928T20311200844,C016,IBM,SELL,295,88.05,595.99,USD,2026-09-28T20:31:12.379271+00:00,20260928T203112,2026-09-28 13:28:14.155000,Noura,P006,2026-09-28,internal_ledger/internal_ledger/20260928T203112.csv
T20260928T20311200845,C005,GOOGL,SELL,38,399.69,17.96,USD,2026-09-28T20:31:12.379271+00:00,20260928T203112,2026-09-28 13:28:14.155000,Huda,P009,2026-09-28,internal_ledger/internal_ledger/20260928T203112.csv
T20260928T20311200846,C010,IBM,SELL,29,248.65,196.26,USD,2026-09-28T20:31:12.379271+00:00,20260928T203112,2026-09-28 13:28:14.155000,Amal,P001,2026-09-28,internal_ledger/internal_ledger/20260928T203112.csv
T20260928T20311200847,C017,GOOGL,SELL,105,87.47,520.64,USD,2026-09-28T20:31:12.379271+00:00,20260928T203112,2026-09-28 13:28:14.155000,Turki,P007,2026-09-28,internal_ledger/internal_ledger/20260928T203112.csv
T20260928T20311200848,C002,SAP,BUY,366,252.86,101.96,USD,2026-09-28T20:31:12.379271+00:00,20260928T203112,2026-09-28 13:28:14.155000,Saad,P009,2026-09-28,internal_ledger/internal_ledger/20260928T203112.csv
T20260928T20311200849,C012,XAG,SELL,21,195.1,351.12,USD,2026-09-28T20:31:12.379271+00:00,20260928T203112,2026-09-28 13:28:14.155000,Abdullah,P006,2026-09-28,internal_ledger/internal_ledger/20260928T203112.csv
T20260928T20311200850,C003,SAP,BUY,447,417.32,112.71,USD,2026-09-28T20:31:12.379271+00:00,20260928T203112,2026-09-28 13:28:14.155000,Sara,P007,2026-09-28,internal_ledger/internal_ledger/20260928T203112.csv
T20260928T20311200851,C013,XAG,SELL,178,177.62,289.05,USD,2026-09-28T20:31:12.379271+00:00,20260928T203112,2026-09-28 13:28:14.155000,Fahad,P009,2026-09-28,internal_ledger/internal_ledger/20260928T203112.csv
T20260928T20311200852,C020,MSFT,BUY,198,218.17,246.72,USD,2026-09-28T20:31:12.379271+00:00,20260928T203112,2026-09-28 13:28:14.155000,Hind,P005,2026-09-28,internal_ledger/internal_ledger/20260928T203112.csv
T20260928T20311200853,C020,VOD,SELL,103,296.36,368.17,USD,2026-09-28T20:31:12.379271+00:00,20260928T203112,2026-09-28 13:28:14.155000,Hind,P005,2026-09-28,internal_ledger/internal_ledger/20260928T203112.csv
T20260928T20311200854,C004,XAU,SELL,365,264.08,227.73,USD,2026-09-28T20:31:12.379271+00:00,20260928T203112,2026-09-28 13:28:14.155000,Omar,P003,2026-09-28,internal_ledger/internal_ledger/20260928T203112.csv
T20260928T20311200855,C018,GOOGL,BUY,305,120.02,172.73,USD,2026-09-28T20:31:12.379271+00:00,20260928T203112,2026-09-28 13:28:14.155000,Dana,P007,2026-09-28,internal_ledger/internal_ledger/20260928T203112.csv
T20260928T20311200856,C008,MSFT,SELL,32,93.84,292.09,USD,2026-09-28T20:31:12.379271+00:00,20260928T203112,2026-09-28 13:28:14.155000,Maha,P010,2026-09-28,internal_ledger/internal_ledger/20260928T203112.csv
T20260928T20311200857,C005,XAU,BUY,85,381.35,274.91,USD,2026-09-28T20:31:12.379271+00:00,20260928T203112,2026-09-28 13:28:14.155000,Huda,P001,2026-09-28,internal_ledger/internal_ledger/20260928T203112.csv
T20260928T20311200858,C020,XPT,SELL,50,69.34,216.97,USD,2026-09-28T20:31:12.379271+00:00,20260928T203112,2026-09-28 13:28:14.155000,Hind,P004,2026-09-28,internal_ledger/internal_ledger/20260928T203112.csv
T20260928T20311200859,C016,MSFT,SELL,420,219.7,133.78,USD,2026-09-28T20:31:12.379271+00:00,20260928T203112,2026-09-28 13:28:14.155000,Noura,P007,2026-09-28,internal_ledger/internal_ledger/20260928T203112.csv
T20260928T20311200860,C016,SAP,SELL,329,78.14,107.85,USD,2026-09-28T20:31:12.379271+00:00,20260928T203112,2026-09-28 13:28:14.155000,Noura,P001,2026-09-28,internal_ledger/internal_ledger/20260928T203112.csv
T20260928T20311200861,C008,IBM,BUY,267,194.9,597.95,USD,2026-09-28T20:31:12.379271+00:00,20260928T203112,2026-09-28 13:28:14.155000,Maha,P002,2026-09-28,internal_ledger/internal_ledger/20260928T203112.csv
T20260928T20311200862,C005,IBM,BUY,159,115.35,293.23,USD,2026-09-28T20:31:12.379271+00:00,20260928T203112,2026-09-28 13:28:14.155000,Huda,P002,2026-09-28,internal_ledger/internal_ledger/20260928T203112.csv
T20260928T20311200863,C018,IBM,SELL,402,451.21,88.8,USD,2026-09-28T20:31:12.379271+00:00,20260928T203112,2026-09-28 13:28:14.155000,Dana,P006,2026-09-28,internal_ledger/internal_ledger/20260928T203112.csv
T20260928T20311200864,C007,IBM,SELL,326,223.85,254.46,USD,2026-09-28T20:31:12.379271+00:00,20260928T203112,2026-09-28 13:28:14.155000,Faisal,P008,2026-09-28,internal_ledger/internal_ledger/20260928T203112.csv
T20260928T20311200865,C007,VOD,SELL,53,340.22,186.69,USD,2026-09-28T20:31:12.379271+00:00,20260928T203112,2026-09-28 13:28:14.155000,Faisal,P006,2026-09-28,internal_ledger/internal_ledger/20260928T203112.csv
T20260928T20311200866,C009,GOOGL,BUY,46,294.57,129.66,USD,2026-09-28T20:31:12.379271+00:00,20260928T203112,2026-09-28 13:28:14.155000,Rana,P005,2026-09-28,internal_ledger/internal_ledger/20260928T203112.csv
T20260928T20311200867,C009,SAP,SELL,285,321.19,431.94,USD,2026-09-28T20:31:12.379271+00:00,20260928T203112,2026-09-28 13:28:14.155000,Rana,P003,2026-09-28,internal_ledger/internal_ledger/20260928T203112.csv
T20260928T20311200868,C003,XPT,SELL,459,121.04,504.57,USD,2026-09-28T20:31:12.379271+00:00,20260928T203112,2026-09-28 13:28:14.155000,Sara,P008,2026-09-28,internal_ledger/internal_ledger/20260928T203112.csv
T20260928T20311200869,C009,MSFT,BUY,473,426.07,50.86,USD,2026-09-28T20:31:12.379271+00:00,20260928T203112,2026-09-28 13:28:14.155000,Rana,P006,2026-09-28,internal_ledger/internal_ledger/20260928T203112.csv
T20260928T20311200870,C007,IBM,SELL,328,177.41,345.14,USD,2026-09-28T20:31:12.379271+00:00,20260928T203112,2026-09-28 13:28:14.155000,Faisal,P008,2026-09-28,internal_ledger/internal_ledger/20260928T203112.csv
T20260928T20311200871,C002,SAP,BUY,27,81.45,374.62,USD,2026-09-28T20:31:12.379271+00:00,20260928T203112,2026-09-28 13:28:14.155000,Saad,P007,2026-09-28,internal_ledger/internal_ledger/20260928T203112.csv
T20260928T20311200872,C004,MSFT,SELL,233,386.47,615.01,USD,2026-09-28T20:31:12.379271+00:00,20260928T203112,2026-09-28 13:28:14.155000,Omar,P004,2026-09-28,internal_ledger/internal_ledger/20260928T203112.csv
T20260928T20311200873,C003,XAU,SELL,427,212.43,295.09,USD,2026-09-28T20:31:12.379271+00:00,20260928T203112,2026-09-28 13:28:14.155000,Sara,P009,2026-09-28,internal_ledger/internal_ledger/20260928T203112.csv
T20260928T20311200874,C006,XAG,BUY,448,197.89,258.06,USD,2026-09-28T20:31:12.379271+00:00,20260928T203112,2026-09-28 13:28:14.155000,Aisha,P002,2026-09-28,internal_ledger/internal_ledger/20260928T203112.csv
T20260928T20311200875,C003,XPT,BUY,192,458.99,139.89,USD,2026-09-28T20:31:12.379271+00:00,20260928T203112,2026-09-28 13:28:14.155000,Sara,P005,2026-09-28,internal_ledger/internal_ledger/20260928T203112.csv
T20260928T20311200876,C007,XPT,SELL,148,341.5,388.6,USD,2026-09-28T20:31:12.379271+00:00,20260928T203112,2026-09-28 13:28:14.155000,Faisal,P003,2026-09-28,internal_ledger/internal_ledger/20260928T203112.csv
T20260928T20311200877,C017,SAP,BUY,67,473.68,257.21,USD,2026-09-28T20:31:12.379271+00:00,20260928T203112,2026-09-28 13:28:14.155000,Turki,P010,2026-09-28,internal_ledger/internal_ledger/20260928T203112.csv
T20260928T20311200878,C014,SAP,SELL,189,268.17,531.86,USD,2026-09-28T20:31:12.379271+00:00,20260928T203112,2026-09-28 13:28:14.155000,Lama,P004,2026-09-28,internal_ledger/internal_ledger/20260928T203112.csv
T20260928T20311200879,C011,VOD,SELL,396,184.48,435.69,USD,2026-09-28T20:31:12.379271+00:00,20260928T203112,2026-09-28 13:28:14.155000,Reem,P003,2026-09-28,internal_ledger/internal_ledger/20260928T203112.csv
T20260928T20311200880,C006,XPT,BUY,474,345.23,103.5,USD,2026-09-28T20:31:12.379271+00:00,20260928T203112,2026-09-28 13:28:14.155000,Aisha,P007,2026-09-28,internal_ledger/internal_ledger/20260928T203112.csv
T20260928T20311200881,C019,IBM,BUY,45,146.13,86.39,USD,2026-09-28T20:31:12.379271+00:00,20260928T203112,2026-09-28 13:28:14.155000,Majed,P003,2026-09-28,internal_ledger/internal_ledger/20260928T203112.csv
T20260928T20311200882,C013,MSFT,BUY,407,361.1,56.97,USD,2026-09-28T20:31:12.379271+00:00,20260928T203112,2026-09-28 13:28:14.155000,Fahad,P002,2026-09-28,internal_ledger/internal_ledger/20260928T203112.csv
T20260928T20311200883,C012,SAP,SELL,206,463.21,106.12,USD,2026-09-28T20:31:12.379271+00:00,20260928T203112,2026-09-28 13:28:14.155000,Abdullah,P007,2026-09-28,internal_ledger/internal_ledger/20260928T203112.csv
T20260928T20311200884,C003,XAU,BUY,150,109.67,45.62,USD,2026-09-28T20:31:12.379271+00:00,20260928T203112,2026-09-28 13:28:14.155000,Sara,P004,2026-09-28,internal_ledger/internal_ledger/20260928T203112.csv
T20260928T20311200885,C012,MSFT,SELL,329,237.37,623.84,USD,2026-09-28T20:31:12.379271+00:00,20260928T203112,2026-09-28 13:28:14.155000,Abdullah,P005,2026-09-28,internal_ledger/internal_ledger/20260928T203112.csv
T20260928T20311200886,C019,XPT,BUY,202,241.3,350.57,USD,2026-09-28T20:31:12.379271+00:00,20260928T203112,2026-09-28 13:28:14.155000,Majed,P006,2026-09-28,internal_ledger/internal_ledger/20260928T203112.csv
T20260928T20311200887,C020,MSFT,BUY,64,477.72,516.47,USD,2026-09-28T20:31:12.379271+00:00,20260928T203112,2026-09-28 13:28:14.155000,Hind,P008,2026-09-28,internal_ledger/internal_ledger/20260928T203112.csv
T20260928T20311200888,C006,VOD,BUY,185,254.17,48.92,USD,2026-09-28T20:31:12.379271+00:00,20260928T203112,2026-09-28 13:28:14.155000,Aisha,P004,2026-09-28,internal_ledger/internal_ledger/20260928T203112.csv
T20260928T20311200889,C004,MSFT,SELL,107,362.54,285.29,USD,2026-09-28T20:31:12.379271+00:00,20260928T203112,2026-09-28 13:28:14.155000,Omar,P006,2026-09-28,internal_ledger/internal_ledger/20260928T203112.csv
T20260928T20311200890,C010,VOD,BUY,176,267.7,328.86,USD,2026-09-28T20:31:12.379271+00:00,20260928T203112,2026-09-28 13:28:14.155000,Amal,P009,2026-09-28,internal_ledger/internal_ledger/20260928T203112.csv
T20260928T20311200891,C008,XAU,SELL,286,66.93,438.41,USD,2026-09-28T20:31:12.379271+00:00,20260928T203112,2026-09-28 13:28:14.155000,Maha,P002,2026-09-28,internal_ledger/internal_ledger/20260928T203112.csv
T20260928T20311200892,C009,XPT,SELL,279,346.76,283.56,USD,2026-09-28T20:31:12.379271+00:00,20260928T203112,2026-09-28 13:28:14.155000,Rana,P003,2026-09-28,internal_ledger/internal_ledger/20260928T203112.csv
T20260928T20311200893,C009,VOD,BUY,172,252.38,246.05,USD,2026-09-28T20:31:12.379271+00:00,20260928T203112,2026-09-28 13:28:14.155000,Rana,P006,2026-09-28,internal_ledger/internal_ledger/20260928T203112.csv
T20260928T20311200894,C011,XAU,SELL,317,123.69,622.99,USD,2026-09-28T20:31:12.379271+00:00,20260928T203112,2026-09-28 13:28:14.155000,Reem,P008,2026-09-28,internal_ledger/internal_ledger/20260928T203112.csv
T20260928T20311200895,C017,XAU,BUY,443,203.43,467.42,USD,2026-09-28T20:31:12.379271+00:00,20260928T203112,2026-09-28 13:28:14.155000,Turki,P010,2026-09-28,internal_ledger/internal_ledger/20260928T203112.csv
T20260928T20311200896,C016,MSFT,BUY,274,172.3,299.74,USD,2026-09-28T20:31:12.379271+00:00,20260928T203112,2026-09-28 13:28:14.155000,Noura,P001,2026-09-28,internal_ledger/internal_ledger/20260928T203112.csv
T20260928T20311200897,C011,XPT,BUY,73,67.26,268.81,USD,2026-09-28T20:31:12.379271+00:00,20260928T203112,2026-09-28 13:28:14.155000,Reem,P003,2026-09-28,internal_ledger/internal_ledger/20260928T203112.csv
T20260928T20311200898,C019,GOOGL,SELL,150,164.18,288.31,USD,2026-09-28T20:31:12.379271+00:00,20260928T203112,2026-09-28 13:28:14.155000,Majed,P004,2026-09-28,internal_ledger/internal_ledger/20260928T203112.csv
T20260928T20311200899,C011,XAG,SELL,409,113.18,138.36,USD,2026-09-28T20:31:12.379271+00:00,20260928T203112,2026-09-28 13:28:14.155000,Reem,P010,2026-09-28,internal_ledger/internal_ledger/20260928T203112.csv
T20260928T20311200900,C017,XAU,SELL,44,254.96,323.62,USD,2026-09-28T20:31:12.379271+00:00,20260928T203112,2026-09-28 13:28:14.155000,Turki,P010,2026-09-28,internal_ledger/internal_ledger/20260928T203112.csv
T20260928T20311200901,C011,IBM,BUY,426,105.57,102.44,USD,2026-09-28T20:31:12.379271+00:00,20260928T203112,2026-09-28 13:28:14.155000,Reem,P002,2026-09-28,internal_ledger/internal_ledger/20260928T203112.csv
T20260928T20311200902,C019,MSFT,BUY,456,213.15,461.78,USD,2026-09-28T20:31:12.379271+00:00,20260928T203112,2026-09-28 13:28:14.155000,Majed,P008,2026-09-28,internal_ledger/internal_ledger/20260928T203112.csv
T20260928T20311200903,C014,XAG,BUY,27,164.94,95.23,USD,2026-09-28T20:31:12.379271+00:00,20260928T203112,2026-09-28 13:28:14.155000,Lama,P002,2026-09-28,internal_ledger/internal_ledger/20260928T203112.csv
T20260928T20311200904,C001,IBM,SELL,333,342.81,108.88,USD,2026-09-28T20:31:12.379271+00:00,20260928T203112,2026-09-28 13:28:14.155000,Khalid,P004,2026-09-28,internal_ledger/internal_ledger/20260928T203112.csv
T20260928T20311200905,C013,IBM,BUY,67,266.84,216.92,USD,2026-09-28T20:31:12.379271+00:00,20260928T203112,2026-09-28 13:28:14.155000,Fahad,P009,2026-09-28,internal_ledger/internal_ledger/20260928T203112.csv
T20260928T20311200906,C006,XAG,BUY,359,165.96,99.34,USD,2026-09-28T20:31:12.379271+00:00,20260928T203112,2026-09-28 13:28:14.155000,Aisha,P003,2026-09-28,internal_ledger/internal_ledger/20260928T203112.csv
T20260928T20311200907,C016,XAU,BUY,179,142.86,57.83,USD,2026-09-28T20:31:12.379271+00:00,20260928T203112,2026-09-28 13:28:14.155000,Noura,P004,2026-09-28,internal_ledger/internal_ledger/20260928T203112.csv
T20260928T20311200908,C018,SAP,SELL,190,359.43,573.21,USD,2026-09-28T20:31:12.379271+00:00,20260928T203112,2026-09-28 13:28:14.155000,Dana,P003,2026-09-28,internal_ledger/internal_ledger/20260928T203112.csv
T20260928T20311200909,C010,XPT,BUY,102,411.28,324.46,USD,2026-09-28T20:31:12.379271+00:00,20260928T203112,2026-09-28 13:28:14.155000,Amal,P002,2026-09-28,internal_ledger/internal_ledger/20260928T203112.csv
T20260928T20311200910,C015,SAP,BUY,234,270.22,258.66,USD,2026-09-28T20:31:12.379271+00:00,20260928T203112,2026-09-28 13:28:14.155000,Yousef,P005,2026-09-28,internal_ledger/internal_ledger/20260928T203112.csv
T20260928T20311200911,C003,XPT,BUY,379,486.68,40.06,USD,2026-09-28T20:31:12.379271+00:00,20260928T203112,2026-09-28 13:28:14.155000,Sara,P009,2026-09-28,internal_ledger/internal_ledger/20260928T203112.csv
T20260928T20311200912,C014,XAG,SELL,23,425.68,510.0,USD,2026-09-28T20:31:12.379271+00:00,20260928T203112,2026-09-28 13:28:14.155000,Lama,P001,2026-09-28,internal_ledger/internal_ledger/20260928T203112.csv
T20260928T20311200913,C015,VOD,SELL,434,328.48,94.74,USD,2026-09-28T20:31:12.379271+00:00,20260928T203112,2026-09-28 13:28:14.155000,Yousef,P005,2026-09-28,internal_ledger/internal_ledger/20260928T203112.csv
T20260928T20311200914,C019,XAU,SELL,272,111.46,274.13,USD,2026-09-28T20:31:12.379271+00:00,20260928T203112,2026-09-28 13:28:14.155000,Majed,P005,2026-09-28,internal_ledger/internal_ledger/20260928T203112.csv
T20260928T20311200915,C005,GOOGL,BUY,347,434.1,58.51,USD,2026-09-28T20:31:12.379271+00:00,20260928T203112,2026-09-28 13:28:14.155000,Huda,P010,2026-09-28,internal_ledger/internal_ledger/20260928T203112.csv
T20260928T20311200916,C009,IBM,SELL,287,115.31,511.08,USD,2026-09-28T20:31:12.379271+00:00,20260928T203112,2026-09-28 13:28:14.155000,Rana,P001,2026-09-28,internal_ledger/internal_ledger/20260928T203112.csv
T20260928T20311200917,C013,XAU,SELL,151,328.29,459.26,USD,2026-09-28T20:31:12.379271+00:00,20260928T203112,2026-09-28 13:28:14.155000,Fahad,P006,2026-09-28,internal_ledger/internal_ledger/20260928T203112.csv
T20260928T20311200918,C012,GOOGL,SELL,167,103.77,392.5,USD,2026-09-28T20:31:12.379271+00:00,20260928T203112,2026-09-28 13:28:14.155000,Abdullah,P010,2026-09-28,internal_ledger/internal_ledger/20260928T203112.csv
T20260928T20311200919,C017,IBM,BUY,261,319.31,304.51,USD,2026-09-28T20:31:12.379271+00:00,20260928T203112,2026-09-28 13:28:14.155000,Turki,P003,2026-09-28,internal_ledger/internal_ledger/20260928T203112.csv
T20260928T20311200920,C002,VOD,BUY,410,251.95,603.62,USD,2026-09-28T20:31:12.379271+00:00,20260928T203112,2026-09-28 13:28:14.155000,Saad,P007,2026-09-28,internal_ledger/internal_ledger/20260928T203112.csv
T20260928T20311200921,C004,VOD,BUY,86,78.97,38.03,USD,2026-09-28T20:31:12.379271+00:00,20260928T203112,2026-09-28 13:28:14.155000,Omar,P004,2026-09-28,internal_ledger/internal_ledger/20260928T203112.csv
T20260928T20311200922,C013,XAG,SELL,82,368.06,376.59,USD,2026-09-28T20:31:12.379271+00:00,20260928T203112,2026-09-28 13:28:14.155000,Fahad,P010,2026-09-28,internal_ledger/internal_ledger/20260928T203112.csv
T20260928T20311200923,C018,SAP,SELL,423,407.2,428.84,USD,2026-09-28T20:31:12.379271+00:00,20260928T203112,2026-09-28 13:28:14.155000,Dana,P006,2026-09-28,internal_ledger/internal_ledger/20260928T203112.csv
T20260928T20311200924,C008,MSFT,SELL,472,326.43,156.88,USD,2026-09-28T20:31:12.379271+00:00,20260928T203112,2026-09-28 13:28:14.155000,Maha,P004,2026-09-28,internal_ledger/internal_ledger/20260928T203112.csv
T20260928T20311200925,C005,MSFT,SELL,34,91.59,231.14,USD,2026-09-28T20:31:12.379271+00:00,20260928T203112,2026-09-28 13:28:14.155000,Huda,P004,2026-09-28,internal_ledger/internal_ledger/20260928T203112.csv
T20260928T20311200926,C018,XAU,SELL,475,488.54,346.75,USD,2026-09-28T20:31:12.379271+00:00,20260928T203112,2026-09-28 13:28:14.155000,Dana,P006,2026-09-28,internal_ledger/internal_ledger/20260928T203112.csv
T20260928T20311200927,C002,IBM,SELL,147,322.43,28.95,USD,2026-09-28T20:31:12.379271+00:00,20260928T203112,2026-09-28 13:28:14.155000,Saad,P005,2026-09-28,internal_ledger/internal_ledger/20260928T203112.csv
T20260928T20311200928,C005,XAU,SELL,195,309.32,34.07,USD,2026-09-28T20:31:12.379271+00:00,20260928T203112,2026-09-28 13:28:14.155000,Huda,P004,2026-09-28,internal_ledger/internal_ledger/20260928T203112.csv
T20260928T20311200929,C013,XAU,SELL,459,343.09,192.29,USD,2026-09-28T20:31:12.379271+00:00,20260928T203112,2026-09-28 13:28:14.155000,Fahad,P003,2026-09-28,internal_ledger/internal_ledger/20260928T203112.csv
T20260928T20311200930,C004,VOD,BUY,263,259.78,59.02,USD,2026-09-28T20:31:12.379271+00:00,20260928T203112,2026-09-28 13:28:14.155000,Omar,P001,2026-09-28,internal_ledger/internal_ledger/20260928T203112.csv
T20260928T20311200931,C020,GOOGL,SELL,445,447.43,453.12,USD,2026-09-28T20:31:12.379271+00:00,20260928T203112,2026-09-28 13:28:14.155000,Hind,P003,2026-09-28,internal_ledger/internal_ledger/20260928T203112.csv
T20260928T20311200932,C013,XAG,BUY,174,416.79,212.25,USD,2026-09-28T20:31:12.379271+00:00,20260928T203112,2026-09-28 13:28:14.155000,Fahad,P005,2026-09-28,internal_ledger/internal_ledger/20260928T203112.csv
T20260928T20311200933,C012,MSFT,BUY,141,386.65,570.31,USD,2026-09-28T20:31:12.379271+00:00,20260928T203112,2026-09-28 13:28:14.155000,Abdullah,P005,2026-09-28,internal_ledger/internal_ledger/20260928T203112.csv
T20260928T20311200934,C007,XAG,SELL,123,249.35,445.13,USD,2026-09-28T20:31:12.379271+00:00,20260928T203112,2026-09-28 13:28:14.155000,Faisal,P001,2026-09-28,internal_ledger/internal_ledger/20260928T203112.csv
T20260928T20311200935,C011,VOD,BUY,408,383.14,560.59,USD,2026-09-28T20:31:12.379271+00:00,20260928T203112,2026-09-28 13:28:14.155000,Reem,P002,2026-09-28,internal_ledger/internal_ledger/20260928T203112.csv
T20260928T20311200936,C019,IBM,SELL,70,254.39,441.01,USD,2026-09-28T20:31:12.379271+00:00,20260928T203112,2026-09-28 13:28:14.155000,Majed,P006,2026-09-28,internal_ledger/internal_ledger/20260928T203112.csv
T20260928T20311200937,C004,XAG,BUY,461,188.72,457.35,USD,2026-09-28T20:31:12.379271+00:00,20260928T203112,2026-09-28 13:28:14.155000,Omar,P003,2026-09-28,internal_ledger/internal_ledger/20260928T203112.csv
T20260928T20311200938,C016,GOOGL,BUY,449,485.16,54.96,USD,2026-09-28T20:31:12.379271+00:00,20260928T203112,2026-09-28 13:28:14.155000,Noura,P010,2026-09-28,internal_ledger/internal_ledger/20260928T203112.csv
T20260928T20311200939,C001,XAU,BUY,244,332.71,543.93,USD,2026-09-28T20:31:12.379271+00:00,20260928T203112,2026-09-28 13:28:14.155000,Khalid,P004,2026-09-28,internal_ledger/internal_ledger/20260928T203112.csv
T20260928T20311200940,C007,VOD,SELL,81,248.25,204.92,USD,2026-09-28T20:31:12.379271+00:00,20260928T203112,2026-09-28 13:28:14.155000,Faisal,P003,2026-09-28,internal_ledger/internal_ledger/20260928T203112.csv
T20260928T20311200941,C004,SAP,BUY,401,377.61,573.68,USD,2026-09-28T20:31:12.379271+00:00,20260928T203112,2026-09-28 13:28:14.155000,Omar,P009,2026-09-28,internal_ledger/internal_ledger/20260928T203112.csv
T20260928T20311200942,C020,XAU,SELL,457,114.15,108.77,USD,2026-09-28T20:31:12.379271+00:00,20260928T203112,2026-09-28 13:28:14.155000,Hind,P010,2026-09-28,internal_ledger/internal_ledger/20260928T203112.csv
T20260928T20311200943,C002,XAU,BUY,451,472.23,576.87,USD,2026-09-28T20:31:12.379271+00:00,20260928T203112,2026-09-28 13:28:14.155000,Saad,P009,2026-09-28,internal_ledger/internal_ledger/20260928T203112.csv
T20260928T20311200944,C015,XAG,BUY,192,223.93,486.38,USD,2026-09-28T20:31:12.379271+00:00,20260928T203112,2026-09-28 13:28:14.155000,Yousef,P005,2026-09-28,internal_ledger/internal_ledger/20260928T203112.csv
T20260928T20311200945,C002,XPT,BUY,230,201.95,315.11,USD,2026-09-28T20:31:12.379271+00:00,20260928T203112,2026-09-28 13:28:14.155000,Saad,P004,2026-09-28,internal_ledger/internal_ledger/20260928T203112.csv
T20260928T20311200946,C014,XAU,SELL,390,455.7,181.21,USD,2026-09-28T20:31:12.379271+00:00,20260928T203112,2026-09-28 13:28:14.155000,Lama,P001,2026-09-28,internal_ledger/internal_ledger/20260928T203112.csv
T20260928T20311200947,C013,MSFT,SELL,242,133.79,326.53,USD,2026-09-28T20:31:12.379271+00:00,20260928T203112,2026-09-28 13:28:14.155000,Fahad,P008,2026-09-28,internal_ledger/internal_ledger/20260928T203112.csv
T20260928T20311200948,C006,SAP,SELL,218,385.88,421.53,USD,2026-09-28T20:31:12.379271+00:00,20260928T203112,2026-09-28 13:28:14.155000,Aisha,P008,2026-09-28,internal_ledger/internal_ledger/20260928T203112.csv
T20260928T20311200949,C007,GOOGL,BUY,43,223.3,156.28,USD,2026-09-28T20:31:12.379271+00:00,20260928T203112,2026-09-28 13:28:14.155000,Faisal,P002,2026-09-28,internal_ledger/internal_ledger/20260928T203112.csv
T20260928T20311200950,C020,XAU,SELL,452,413.27,321.28,USD,2026-09-28T20:31:12.379271+00:00,20260928T203112,2026-09-28 13:28:14.155000,Hind,P005,2026-09-28,internal_ledger/internal_ledger/20260928T203112.csv
T20260928T20311200951,C013,XAG,SELL,264,297.94,263.06,USD,2026-09-28T20:31:12.379271+00:00,20260928T203112,2026-09-28 13:28:14.155000,Fahad,P001,2026-09-28,internal_ledger/internal_ledger/20260928T203112.csv
T20260928T20311200952,C013,XAU,SELL,186,445.61,589.6,USD,2026-09-28T20:31:12.379271+00:00,20260928T203112,2026-09-28 13:28:14.155000,Fahad,P002,2026-09-28,internal_ledger/internal_ledger/20260928T203112.csv
T20260928T20311200953,C005,XAG,BUY,20,134.18,384.18,USD,2026-09-28T20:31:12.379271+00:00,20260928T203112,2026-09-28 13:28:14.155000,Huda,P004,2026-09-28,internal_ledger/internal_ledger/20260928T203112.csv
T20260928T20311200954,C010,IBM,SELL,279,445.88,246.89,USD,2026-09-28T20:31:12.379271+00:00,20260928T203112,2026-09-28 13:28:14.155000,Amal,P008,2026-09-28,internal_ledger/internal_ledger/20260928T203112.csv
T20260928T20311200955,C004,VOD,BUY,460,67.03,588.9,USD,2026-09-28T20:31:12.379271+00:00,20260928T203112,2026-09-28 13:28:14.155000,Omar,P001,2026-09-28,internal_ledger/internal_ledger/20260928T203112.csv
T20260928T20311200956,C011,XAG,SELL,223,230.25,300.69,USD,2026-09-28T20:31:12.379271+00:00,20260928T203112,2026-09-28 13:28:14.155000,Reem,P005,2026-09-28,internal_ledger/internal_ledger/20260928T203112.csv
T20260928T20311200957,C017,MSFT,BUY,134,80.17,220.23,USD,2026-09-28T20:31:12.379271+00:00,20260928T203112,2026-09-28 13:28:14.155000,Turki,P008,2026-09-28,internal_ledger/internal_ledger/20260928T203112.csv
T20260928T20311200958,C017,SAP,BUY,58,361.33,88.88,USD,2026-09-28T20:31:12.379271+00:00,20260928T203112,2026-09-28 13:28:14.155000,Turki,P010,2026-09-28,internal_ledger/internal_ledger/20260928T203112.csv
T20260928T20311200959,C020,SAP,SELL,296,345.9,229.54,USD,2026-09-28T20:31:12.379271+00:00,20260928T203112,2026-09-28 13:28:14.155000,Hind,P007,2026-09-28,internal_ledger/internal_ledger/20260928T203112.csv
T20260928T20311200960,C005,XPT,BUY,266,373.72,598.35,USD,2026-09-28T20:31:12.379271+00:00,20260928T203112,2026-09-28 13:28:14.155000,Huda,P001,2026-09-28,internal_ledger/internal_ledger/20260928T203112.csv
T20260928T20311200961,C007,VOD,BUY,112,267.69,509.28,USD,2026-09-28T20:31:12.379271+00:00,20260928T203112,2026-09-28 13:28:14.155000,Faisal,P010,2026-09-28,internal_ledger/internal_ledger/20260928T203112.csv
T20260928T20311200962,C020,XAU,BUY,172,243.66,123.08,USD,2026-09-28T20:31:12.379271+00:00,20260928T203112,2026-09-28 13:28:14.155000,Hind,P006,2026-09-28,internal_ledger/internal_ledger/20260928T203112.csv
T20260928T20311200963,C010,SAP,BUY,418,431.44,106.41,USD,2026-09-28T20:31:12.379271+00:00,20260928T203112,2026-09-28 13:28:14.155000,Amal,P002,2026-09-28,internal_ledger/internal_ledger/20260928T203112.csv
T20260928T20311200964,C003,GOOGL,BUY,293,307.5,453.52,USD,2026-09-28T20:31:12.379271+00:00,20260928T203112,2026-09-28 13:28:14.155000,Sara,P004,2026-09-28,internal_ledger/internal_ledger/20260928T203112.csv
T20260928T20311200965,C003,GOOGL,SELL,316,235.75,158.94,USD,2026-09-28T20:31:12.379271+00:00,20260928T203112,2026-09-28 13:28:14.155000,Sara,P002,2026-09-28,internal_ledger/internal_ledger/20260928T203112.csv
T20260928T20311200966,C008,XAU,BUY,137,122.69,225.27,USD,2026-09-28T20:31:12.379271+00:00,20260928T203112,2026-09-28 13:28:14.155000,Maha,P009,2026-09-28,internal_ledger/internal_ledger/20260928T203112.csv
T20260928T20311200967,C018,MSFT,SELL,316,114.39,199.65,USD,2026-09-28T20:31:12.379271+00:00,20260928T203112,2026-09-28 13:28:14.155000,Dana,P004,2026-09-28,internal_ledger/internal_ledger/20260928T203112.csv
T20260928T20311200968,C011,SAP,BUY,475,157.77,518.61,USD,2026-09-28T20:31:12.379271+00:00,20260928T203112,2026-09-28 13:28:14.155000,Reem,P007,2026-09-28,internal_ledger/internal_ledger/20260928T203112.csv
T20260928T20311200969,C008,MSFT,SELL,192,181.87,627.5,USD,2026-09-28T20:31:12.379271+00:00,20260928T203112,2026-09-28 13:28:14.155000,Maha,P003,2026-09-28,internal_ledger/internal_ledger/20260928T203112.csv
T20260928T20311200970,C015,SAP,BUY,478,279.24,34.3,USD,2026-09-28T20:31:12.379271+00:00,20260928T203112,2026-09-28 13:28:14.155000,Yousef,P007,2026-09-28,internal_ledger/internal_ledger/20260928T203112.csv
T20260928T20311200971,C012,MSFT,SELL,429,205.04,198.89,USD,2026-09-28T20:31:12.379271+00:00,20260928T203112,2026-09-28 13:28:14.155000,Abdullah,P006,2026-09-28,internal_ledger/internal_ledger/20260928T203112.csv
T20260928T20311200972,C017,MSFT,SELL,98,318.06,488.0,USD,2026-09-28T20:31:12.379271+00:00,20260928T203112,2026-09-28 13:28:14.155000,Turki,P004,2026-09-28,internal_ledger/internal_ledger/20260928T203112.csv
T20260928T20311200973,C011,IBM,BUY,103,133.17,31.57,USD,2026-09-28T20:31:12.379271+00:00,20260928T203112,2026-09-28 13:28:14.155000,Reem,P002,2026-09-28,internal_ledger/internal_ledger/20260928T203112.csv
T20260928T20311200974,C010,GOOGL,BUY,97,113.59,432.69,USD,2026-09-28T20:31:12.379271+00:00,20260928T203112,2026-09-28 13:28:14.155000,Amal,P009,2026-09-28,internal_ledger/internal_ledger/20260928T203112.csv
T20260928T20311200975,C008,SAP,SELL,18,205.36,250.37,USD,2026-09-28T20:31:12.379271+00:00,20260928T203112,2026-09-28 13:28:14.155000,Maha,P002,2026-09-28,internal_ledger/internal_ledger/20260928T203112.csv
T20260928T20311200976,C018,XAU,SELL,38,149.27,82.24,USD,2026-09-28T20:31:12.379271+00:00,20260928T203112,2026-09-28 13:28:14.155000,Dana,P010,2026-09-28,internal_ledger/internal_ledger/20260928T203112.csv
T20260928T20311200977,C019,IBM,BUY,383,130.23,459.83,USD,2026-09-28T20:31:12.379271+00:00,20260928T203112,2026-09-28 13:28:14.155000,Majed,P004,2026-09-28,internal_ledger/internal_ledger/20260928T203112.csv
T20260928T20311200978,C002,GOOGL,SELL,275,315.58,151.29,USD,2026-09-28T20:31:12.379271+00:00,20260928T203112,2026-09-28 13:28:14.155000,Saad,P008,2026-09-28,internal_ledger/internal_ledger/20260928T203112.csv
T20260928T20311200979,C010,MSFT,BUY,367,430.88,29.76,USD,2026-09-28T20:31:12.379271+00:00,20260928T203112,2026-09-28 13:28:14.155000,Amal,P002,2026-09-28,internal_ledger/internal_ledger/20260928T203112.csv
T20260928T20311200980,C018,XAU,SELL,9,156.79,36.65,USD,2026-09-28T20:31:12.379271+00:00,20260928T203112,2026-09-28 13:28:14.155000,Dana,P010,2026-09-28,internal_ledger/internal_ledger/20260928T203112.csv
T20260928T20311200981,C020,IBM,SELL,455,76.03,570.45,USD,2026-09-28T20:31:12.379271+00:00,20260928T203112,2026-09-28 13:28:14.155000,Hind,P005,2026-09-28,internal_ledger/internal_ledger/20260928T203112.csv
T20260928T20311200982,C010,XAG,BUY,392,86.48,591.67,USD,2026-09-28T20:31:12.379271+00:00,20260928T203112,2026-09-28 13:28:14.155000,Amal,P007,2026-09-28,internal_ledger/internal_ledger/20260928T203112.csv
T20260928T20311200983,C020,MSFT,SELL,284,158.23,370.55,USD,2026-09-28T20:31:12.379271+00:00,20260928T203112,2026-09-28 13:28:14.155000,Hind,P006,2026-09-28,internal_ledger/internal_ledger/20260928T203112.csv
T20260928T20311200984,C018,XPT,BUY,346,72.81,56.19,USD,2026-09-28T20:31:12.379271+00:00,20260928T203112,2026-09-28 13:28:14.155000,Dana,P007,2026-09-28,internal_ledger/internal_ledger/20260928T203112.csv
T20260928T20311200985,C011,VOD,SELL,306,314.0,137.77,USD,2026-09-28T20:31:12.379271+00:00,20260928T203112,2026-09-28 13:28:14.155000,Reem,P008,2026-09-28,internal_ledger/internal_ledger/20260928T203112.csv
T20260928T20311200986,C017,XPT,SELL,81,467.08,367.57,USD,2026-09-28T20:31:12.379271+00:00,20260928T203112,2026-09-28 13:28:14.155000,Turki,P009,2026-09-28,internal_ledger/internal_ledger/20260928T203112.csv
T20260928T20311200987,C012,XAU,SELL,422,100.69,419.03,USD,2026-09-28T20:31:12.379271+00:00,20260928T203112,2026-09-28 13:28:14.155000,Abdullah,P010,2026-09-28,internal_ledger/internal_ledger/20260928T203112.csv
T20260928T20311200988,C005,SAP,BUY,123,323.5,323.2,USD,2026-09-28T20:31:12.379271+00:00,20260928T203112,2026-09-28 13:28:14.155000,Huda,P009,2026-09-28,internal_ledger/internal_ledger/20260928T203112.csv
T20260928T20311200989,C018,GOOGL,BUY,352,257.62,343.59,USD,2026-09-28T20:31:12.379271+00:00,20260928T203112,2026-09-28 13:28:14.155000,Dana,P010,2026-09-28,internal_ledger/internal_ledger/20260928T203112.csv
T20260928T20311200990,C020,XPT,SELL,154,414.33,280.86,USD,2026-09-28T20:31:12.379271+00:00,20260928T203112,2026-09-28 13:28:14.155000,Hind,P002,2026-09-28,internal_ledger/internal_ledger/20260928T203112.csv
T20260928T20311200991,C009,MSFT,BUY,430,481.4,274.66,USD,2026-09-28T20:31:12.379271+00:00,20260928T203112,2026-09-28 13:28:14.155000,Rana,P002,2026-09-28,internal_ledger/internal_ledger/20260928T203112.csv
T20260928T20311200992,C020,MSFT,BUY,72,70.69,473.12,USD,2026-09-28T20:31:12.379271+00:00,20260928T203112,2026-09-28 13:28:14.155000,Hind,P001,2026-09-28,internal_ledger/internal_ledger/20260928T203112.csv
T20260928T20311200993,C012,MSFT,SELL,212,168.43,382.66,USD,2026-09-28T20:31:12.379271+00:00,20260928T203112,2026-09-28 13:28:14.155000,Abdullah,P005,2026-09-28,internal_ledger/internal_ledger/20260928T203112.csv
T20260928T20311200994,C012,IBM,BUY,178,281.46,488.65,USD,2026-09-28T20:31:12.379271+00:00,20260928T203112,2026-09-28 13:28:14.155000,Abdullah,P009,2026-09-28,internal_ledger/internal_ledger/20260928T203112.csv
T20260928T20311200995,C012,IBM,BUY,30,153.75,67.14,USD,2026-09-28T20:31:12.379271+00:00,20260928T203112,2026-09-28 13:28:14.155000,Abdullah,P002,2026-09-28,internal_ledger/internal_ledger/20260928T203112.csv
T20260928T20311200996,C007,MSFT,SELL,331,147.94,146.34,USD,2026-09-28T20:31:12.379271+00:00,20260928T203112,2026-09-28 13:28:14.155000,Faisal,P002,2026-09-28,internal_ledger/internal_ledger/20260928T203112.csv
T20260928T20311200997,C005,IBM,BUY,470,83.33,295.98,USD,2026-09-28T20:31:12.379271+00:00,20260928T203112,2026-09-28 13:28:14.155000,Huda,P002,2026-09-28,internal_ledger/internal_ledger/20260928T203112.csv
T20260928T20311200998,C009,XPT,BUY,435,366.6,230.9,USD,2026-09-28T20:31:12.379271+00:00,20260928T203112,2026-09-28 13:28:14.155000,Rana,P010,2026-09-28,internal_ledger/internal_ledger/20260928T203112.csv
T20260928T20311200999,C006,XAG,BUY,257,384.1,61.23,USD,2026-09-28T20:31:12.379271+00:00,20260928T203112,2026-09-28 13:28:14.155000,Aisha,P002,2026-09-28,internal_ledger/internal_ledger/20260928T203112.csv
T20260928T20311201000,C017,XAU,SELL,420,255.27,195.93,USD,2026-09-28T20:31:12.379271+00:00,20260928T203112,2026-09-28 13:28:14.155000,Turki,P001,2026-09-28,internal_ledger/internal_ledger/20260928T203112.csv
